,Instrument,Ultimate Parent Percent of Shares Out Held,Date,Investor Perm Id,Country of Headquarters
0,SMBC.CI,,,,Ivory Coast
1,SACL.ZI,,,,Zimbabwe
2,SEMC.CI,,,,United States
3,ILV.MV,,,,United Kingdom
4,NITL.MV,,,,Malawi
5,TPCC.TZ,,,,Germany
6,ZBFH.ZI,,,,Zimbabwe
7,TTP.TZ,,,,Tanzania
8,TCCL.TZ,,,,
9,FMB.MV,,,,Malawi
10,NBS.MV,,,,Malawi
11,SUNB.MV,,,,Malawi
12,MPICO.MV,,,,Malawi
13,DCB.TZ,,,,Tanzania
14,NMB.TZ,,,,Tanzania
15,COURTVI.LG,,,,Nigeria
16,CRDB.TZ,,,,Tanzania
17,NANG.LZ,,,,United Kingdom
18,PRIM.LZ,,,,Zambia
19,MCNICHO.LG,,,,Nigeria
20,NIC.UG,,,,Uganda
21,BATZ.LZ,0.09,1998-12-31T00:00:00Z,5000706029,United Kingdom
22,BATZ.LZ,0.03,1998-12-31T00:00:00Z,5001449043,
23,BATZ.LZ,0.05,1997-06-30T00:00:00Z,5000706029,
24,BATZ.LZ,,,,
25,BOAC.CI,,,,Morocco
26,RACPp.J,,,,South Africa
27,LHCJ.J,,,,South Africa
28,TNM.MV,,,,Malawi
29,CRESTA.BT,,,,Botswana
30,UHOMREI.LG,,,,Nigeria
31,DANGCEM.LG,,,,Nigeria
32,MULTITREX.LG,,,,Nigeria
33,RBPJ.J,,,,South Africa
34,NPFMCRF.LG,,,,Nigeria
35,BOABF.CI,,,,Morocco
36,MMPJ.J,,,,South Africa
37,OUTJ.J,,,,South Africa
38,IPFJ.J,,,,South Africa
39,LBTY.NR,,,,South Africa
40,REBJ.J,,,,South Africa
41,COHJ.J,,,,South Africa
42,LETL.BT,,,,Botswana
43,GOLI.MZ,,,,Mauritius
44,BLR.RW,,,,Netherlands
45,MPTJ.J,,,,South Africa
46,TCL.NR,,,,Kenya
47,BUCJ.J,,,,South Africa
48,TEXJ.J,,,,South Africa
49,DIBJ.J,,,,South Africa
50,BOK.RW,,,,Rwanda
51,BRIT.NR,,,,Kenya
52,NAP.BT,,,,Botswana
53,FTAJ.J,,,,South Africa
54,SILPp.NM,,,,Namibia
55,PAL.TZ,,,,Tanzania
56,TERA.MZ,,,,Mauritius
57,CHOPP.BT,,,,Botswana
58,AUSTINLAZ.LG,,,,Nigeria
59,SIT.MZ,,,,Mauritius
60,LKL.NR,,,,Kenya
61,TCPJ.J,,,,South Africa
62,CIC.NR,,,,United Kingdom
63,FNBMIDJ.J,,,,
64,CIM.MZ,,,,
65,DLTJ.J,,,,South Africa
66,NHL.NM,,,,Namibia
67,UMEME.UG,,,,Uganda
68,MDIJ.J,,,,South Africa
69,UCAP.LG,,,,Nigeria
70,AFRIPRU.LG,,,,Nigeria
71,AGR.NM,,,,Namibia
72,ETFSAPJ.J,,,,
73,SHUMBA.BT,,,,Botswana
74,NGPLTJ.J,,,,
75,MLIJ.J,,,,United Kingdom
76,CGP.NM,,,,Namibia
77,HAFR.NR,,,,Kenya
78,ATTJ.J,,,,South Africa
79,ASCJ.J,,,,South Africa
80,APFJ.J,,,,South Africa
81,CWG.LG,,,,Nigeria
82,ETFPLDJ.J,,,,
83,NGPLDJ.J,,,,
84,SARJ.J,,,,South Africa
85,ETFPLTJ.J,,,,
86,ETFGLDJ.J,,,,
87,THAJ.J,,,,Cyprus
88,LVLTRXJ.J^H18,,,,
89,DIVTRXJ.J,,,,
90,AVLJ.J,,,,South Africa
91,LOTO.MZ,,,,Mauritius
92,CAVERTON.LG,,,,Nigeria
93,VISJ.J,,,,South Africa
94,MBP.TZ,,,,Tanzania
95,SARE.MZ,,,,South Africa
96,KSTJ.J,,,,South Africa
97,EQUJ.J,,,,South Africa
98,AFHJ.J,,,,United States
99,MAFS.LZ,,,,Zambia
100,NSE.NR,,,,Kenya
101,SWALA.TZ,,,,Tanzania
102,BTCL.BT,,,,Botswana
103,RFGJ.J,,,,South Africa
104,TRANSCOHOT.LG,,,,Nigeria
105,QFHJ.J,,,,South Africa
106,NOV.MZ,,,,Mauritius
107,LIVINGTRUST.LG,,,,Nigeria
108,TTLS.CI,,,,France
109,FTGH.NR,,,,Kenya
110,KCCGLDJ.J,,,,
111,KUR.NR,,,,Kenya
112,MEDVIEWAIR.LG,,,,Nigeria
113,DNBJ.J,,,,South Africa
114,HILJ.J,,,,Malta
115,ACSJ.J,,,,South Africa
116,IMRP7p.J,,,,South Africa
117,BOAS.CI,,,,Morocco
118,NVSJ.J,,,,South Africa
119,MFDG.MZ,,,,Mauritius
120,MKCB.TZ,,,,Tanzania
121,MAC.GH,,,,Ghana
122,IMR.RW,,,,Kenya
123,MCB.TZ,,,,Tanzania
124,INFINITY.LG,,,,Nigeria
125,VALUEFUND.LG,,,,Nigeria
126,UPDCREIT.LG,,,,Nigeria
127,ADB.GH,,,,Ghana
128,BOAM.CI,,,,Morocco
129,CTOP50J.J,,,,
130,IKUL.LZ,,,,Zambia
131,EIZP.LZ,,,,Zambia
132,ILUJ.J,,,,South Africa
133,PROL.ZI,,,,Zimbabwe
134,RENJ.J,,,,South Africa
135,PEMJ.J,,,,South Africa
136,YETU.TZ,,,,Tanzania
137,STANBIC.LG,,,,
138,VETIVA.LG,,,,
139,APL.MZ,,,,Mauritius
140,DCPJ.J,,,,
141,BWNJ.J,,,,South Africa
142,SYGJ.J,,,,South Africa
143,TRLJ.J,,,,South Africa
144,CTAJ.J,,,,South Africa
145,IIL.GH,,,,Ghana
146,NOTORE.LG,,,,
147,SSSJ.J,,,,South Africa
148,SAMBA.GH,,,,Ghana
149,HORDS.GH,,,,Ghana
150,MMH.GH,,,,Ghana
151,MHBJ.J,,,,South Africa
152,ATIL.MZ,,,,South Africa
153,LTEJ.J,,,,Malta
154,FAHR.NR,,,,Kenya
155,ETFRHOJ.J,,,,
156,SNHJ.J,,,,South Africa
157,GBFS.ZI,,,,Luxembourg
158,ABCB.MZ,,,,Mauritius
159,VETBANK.LG,,,,
160,VETGOODS.LG,,,,
161,VETINDETF.LG,,,,
162,NRLJ.J,,,,South Africa
163,TAD.MZ,,,,Mauritius
164,DCON.NR,,,,Kenya
165,FPC.BT,,,,Botswana
166,AXIA.ZI,,,,Zimbabwe
167,BIDJ.J,,,,South Africa
168,MUCOBA.TZ,,,,Tanzania
169,NBV.NR,,,,United Arab Emirates
170,NSBC.CI,,,,Ivory Coast
171,DSE.TZ,,,,Tanzania
172,IBLL.MZ,,,,Mauritius
173,EPEJ.J,,,,Mauritius
174,UPL.MZ,,,,Mauritius
175,YYLBEEJ.J,,,,South Africa
176,ACCESS.GH,,,,Nigeria
177,SCRC.CI,,,,Ivory Coast
178,SEAJ.J,,,,South Africa
179,SIBC.CI,,,,Morocco
180,GLPROPJ.J,,,,
181,CBIBF.CI,,,,Burkina Faso
182,TPFJ.J,,,,South Africa
183,VODA.TZ,,,,United Kingdom
184,CQCIL.UG,,,,India
185,L2DJ.J,,,,South Africa
186,TIP.LG,,,,Nigeria
187,DCCUSDJ.J,,,,
188,SHGJ.J,,,,South Africa
189,JAIZBANK.LG,,,,Nigeria
190,STXILBJ.J,,,,
191,STXPROJ.J,,,,
192,PFBJ.J,,,,South Africa
193,MTNGH.GH,,,,South Africa
194,MIN.BT,,,,Botswana
195,BAYP.MZ,,,,Mauritius
196,AILJ.J,,,,South Africa
197,KALJ.J,,,,South Africa
198,NRPJ.J,,,,Netherlands
199,RHBJ.J,,,,South Africa
200,HETJ.J,,,,South Africa
201,STXWDMJ.J,,,,
202,STXEMGJ.J,,,,
203,STX500J.J,,,,
204,FMP.ZI,,,,Zimbabwe
205,ZXSWS.ZX,,,,South Africa
206,ZXSWB.ZX,,,,South Africa
207,ZXTWI.ZX,,,,South Africa
208,FMBCH.MV,,,,Malawi
209,PPHJ.J,,,,South Africa
210,STXQUAJ.J,,,,
211,LHN.NM,,,,Botswana
212,4SIJ.J,,,,Mauritius
213,SDOJ.J,,,,South Africa
214,FNBEQFJ.J,,,,
215,PNH.NM,,,,Namibia
216,SYG500J.J,,,,
217,CCAF.LZ,,,,Zambia
218,DCCUS2J.J,,,,
219,ECOC.CI,,,,Togo
220,GSPECPLC.LG,,,,Nigeria
221,ARIN.MZ,,,,Indonesia
222,CVWJ.J,,,,
223,AYOJ.J,,,,South Africa
224,ZXTIP.ZX,,,,South Africa
225,ETF500J.J,,,,
226,FNBWGBJ.J,,,,
227,STXNDQJ.J,,,,
228,LBRJ.J,,,,South Africa
229,DIGICUT.GH,,,,Ghana
230,FTHJ.J,,,,South Africa
231,AEIBy.MZ,,,,Egypt
232,4ANWKH.4AX,,,,South Africa
233,4AHWP.4AX,,,,South Africa
234,4AASP.4AX,,,,South Africa
235,NFEMODJ.J,,,,
236,NFEHGEJ.J,,,,
237,NFEDEFJ.J,,,,
238,MTNN.LG,,,,South Africa
239,ETFBNDJ.J,,,,
240,NFNAMA.NM,,,,
241,STXGOVJ.J,,,,
242,STXESGJ.J,,,,
243,STXEMEJ.J,,,,
244,MERGROWTH.LG,,,,
245,MERVALUE.LG,,,,
246,SYGESGJ.J,,,,
247,MTNR.RW,,,,South Africa
248,SYGEMFJ.J,,,,
249,STXCAPJ.J,,,,
250,STXNDAJ.J,,,,
251,4AAVC.4AX,,,,South Africa
252,STXHLTJ.J,,,,
253,ETFSRIJ.J,,,,
254,ETFEMAJ.J,,,,
255,BIND.VF,,,,United Kingdom
256,PHL.VF,,,,Zimbabwe
257,SYGSEJ.J,,,,
258,CSGOVIJ.J,,,,South Africa
259,SIM.VF,,,,Zimbabwe
260,NED.VF,,,,Zimbabwe
261,ZZDJ.J,,,,South Africa
262,NTFD.VF,,,,Zimbabwe
263,4AGFR1O.4AX,,,,South Africa
264,GEREGU.LG,,,,Nigeria
265,CAAJ.J,,,,South Africa
266,SREE.MZ,,,,Mauritius
267,ACCESSCORP.LG,,,,Nigeria
268,4ABKB.4AX,,,,South Africa
269,APOJ.J,,,,South Africa
270,TANG.ZI,,,,Zimbabwe
271,BUAFOODS.LG,,,,Nigeria
272,RONCHESS.LG,,,,Nigeria
273,VELG.MZ,,,,
274,ANIJ.J,,,,South Africa
275,MTNU.UG,,,,South Africa
276,MOC.NM,,,,Namibia
277,CTEL.MZ,,,,Mauritius
278,NGXGROUP.LG,,,,Nigeria
279,GTCO.LG,,,,Nigeria
280,TGAJ.J,,,,South Africa
281,SZKJ.J,,,,South Africa
282,BAPLC.LG,,,,Nigeria
283,HBE.NR,,,,Kenya
284,HPL.MZ,,,,Mauritius
285,DASPHARMA.GH,,,,Ghana
286,4AGR1O.4AX,,,,South Africa
287,CMR.RW,,,,South Africa
288,FDHB.MV,,,,Malawi
289,OMJ.NM,,,,Namibia
290,MQA.NM,,,,Namibia
291,SBPJ.J,,,,South Africa
292,NY1J.J,,,,South Africa
293,AIRTEL.MV,,,,India
294,SSWJ.J,,,,South Africa
295,4AIHG.4AX,,,,
296,ZFCO.LZ,,,,Zambia
297,ZXRPG.ZX,,,,South Africa
298,BUACEMENT.LG,,,,Nigeria
299,MTNZFJ.J,,,,South Africa
300,SNO.NM,,,,South Africa
301,FRBP01p.J^K22,,,,South Africa
302,SEMA.MZ,,,,Mauritius
303,ANE.NM,,,,Namibia
304,JATU.TZ,,,,Tanzania
305,SSUJ.J,,,,South Africa
306,ACES.MZ,,,,Mauritius
307,ORGT.CI,,,,Togo
308,REGI.MZ,,,,Mauritius
309,ENLG.MZ,,,,
310,ICON.MV,,,,Malawi
311,LAVA.MZ,,,,
312,ACCESS.BT,,,,Nigeria
313,MTHJ.J,,,,South Africa
314,EHZL.ZI,,,,Zimbabwe
315,MCGJ.J,,,,South Africa
316,SCIL.BT,,,,Botswana
317,NICO.TZ,,,,Tanzania
318,EXPJ.J,,,,South Africa
319,DGHJ.J,,,,South Africa
320,TICL.TZ,,,,Tanzania
321,KLOS.MZ,,,,Mauritius
322,TSAH.MZ,,,,Mauritius
323,ABL.GH,0.0,1998-11-28T00:00:00Z,5043415975,Belgium
324,ABL.GH,,,,
325,ABOSELA.LG,,,,Nigeria
326,ABPLAST.LG,,,,Nigeria
327,ABSPp.J,,,,South Africa
328,ACADEMY.LG,,,,Nigeria
329,ACLJ.J,37.56,1998-06-30T00:00:00Z,5000854298,Luxembourg
330,ACLJ.J,0.21,1998-12-31T00:00:00Z,,
331,ACLJ.J,0.1526,1998-12-31T00:00:00Z,4296293277,
332,ACLJ.J,0.12,1998-12-31T00:00:00Z,5000152801,
333,ACLJ.J,0.0022,1998-12-31T00:00:00Z,,
334,ACLJ.J,0.001,1998-12-31T00:00:00Z,4298409344,
335,ACLJ.J,0.0004,1998-12-31T00:00:00Z,,
336,ACLJ.J,0.0003,1998-06-30T00:00:00Z,,
337,ACLJ.J,0.0,1998-12-31T00:00:00Z,,
338,ACLJ.J,0.0,1998-06-30T00:00:00Z,5000001140,
339,ACLJ.J,0.0,1998-12-31T00:00:00Z,,
340,ACLJ.J,0.0,1998-12-31T00:00:00Z,5000052202,
341,ACLJ.J,,,,
342,ACLJ.J,15.6,1997-01-31T00:00:00Z,5001449709,
343,ACLJ.J,0.18,1997-12-31T00:00:00Z,,
344,ACLJ.J,0.1313,1997-03-31T00:00:00Z,5000001140,
345,ACLJ.J,0.05,1997-12-31T00:00:00Z,,
346,ACLJ.J,0.02,1997-12-31T00:00:00Z,,
347,ACLJ.J,0.02,1997-12-31T00:00:00Z,,
348,ACLJ.J,0.01,1997-06-30T00:00:00Z,4298409344,
349,ACLJ.J,0.0018,1997-12-31T00:00:00Z,,
350,ACLJ.J,,,,
351,ACLJ.J,,,,
352,ACLJ.J,,,,
353,ACLJ.J,,,,
354,ACLJ.J,,,,
355,ACTJ.J,5.369,1998-08-03T00:00:00Z,,South Africa
356,ACTJ.J,0.346,1998-08-03T00:00:00Z,5000854298,
357,ACTJ.J,0.274,1998-08-03T00:00:00Z,5043419846,
358,ACTJ.J,0.106,1998-08-03T00:00:00Z,,
359,ACTJ.J,5.37,1997-01-31T00:00:00Z,,
360,ACTJ.J,,,,
361,ACTJ.J,,,,
362,ACTJ.J,,,,
363,ADHJ.J,4.5287,1998-08-03T00:00:00Z,5000854298,South Africa
364,ADHJ.J,2.0749,1998-08-03T00:00:00Z,4297902883,
365,ADHJ.J,1.8319,1998-08-03T00:00:00Z,5055413527,
366,ADHJ.J,0.0042,1998-12-31T00:00:00Z,,
367,ADHJ.J,0.0034,1997-12-31T00:00:00Z,,
368,ADHJ.J,,,,
369,ADHJ.J,,,,
370,ADHJ.J,,,,
371,ADRJ.J,23.53,1998-07-01T00:00:00Z,,South Africa
372,ADRJ.J,6.54,1998-07-01T00:00:00Z,4297902883,
373,ADRJ.J,1.93,1998-12-31T00:00:00Z,,
374,ADRJ.J,0.03,1998-12-31T00:00:00Z,4298409344,
375,ADRJ.J,4.71,1997-12-31T00:00:00Z,,
376,ADRJ.J,,,,
377,ADRJ.J,,,,
378,ADRJ.J,,,,
379,ADWJ.J,,,,South Africa
380,AEGJ.J,,,,South Africa
381,AFEJ.J,10.4688,1998-08-03T00:00:00Z,5000854298,South Africa
382,AFEJ.J,2.7031,1998-08-03T00:00:00Z,4297902883,
383,AFEJ.J,1.9347,1998-08-03T00:00:00Z,,
384,AFEJ.J,1.2931,1998-12-31T00:00:00Z,,
385,AFEJ.J,0.0136,1998-12-31T00:00:00Z,5000052202,
386,AFEJ.J,0.0035,1998-12-31T00:00:00Z,,
387,AFEJ.J,0.0028,1998-06-30T00:00:00Z,,
388,AFEJ.J,0.0,1998-06-30T00:00:00Z,5000001140,
389,AFEJ.J,0.0,1998-03-31T00:00:00Z,5000071982,
390,AFEJ.J,0.0647,1997-03-31T00:00:00Z,5000001140,
391,AFEJ.J,0.044,1997-12-31T00:00:00Z,5000071982,
392,AFEJ.J,0.0036,1997-12-31T00:00:00Z,,
393,AFEJ.J,0.0018,1997-12-31T00:00:00Z,,
394,AFEJ.J,,,,
395,AFEJ.J,,,,
396,AFEJ.J,,,,
397,AFEJ.J,,,,
398,AFEJ.J,,,,
399,AFDS.ZI,,,,Zimbabwe
400,FMHL.ZI,,,,Zimbabwe
401,AFROIL.LG,,,,Nigeria
402,AFTJ.J,,,,South Africa
403,AGLEVEN.LG,,,,United Kingdom
404,AIICO.LG,,,,Nigeria
405,ACCS.NR,,,,Japan
406,ALEX.LG,,,,Nigeria
407,ALW.GH,0.715,1998-12-31T00:00:00Z,5000706029,Ghana
408,ALW.GH,0.8398,1997-06-30T00:00:00Z,5000706029,
409,AMEJ.J,14.027,1998-08-03T00:00:00Z,5055410695,South Africa
410,AMEJ.J,11.4498,1998-08-03T00:00:00Z,5001442178,
411,AMEJ.J,11.413,1998-08-03T00:00:00Z,,
412,AMEJ.J,11.321,1998-08-03T00:00:00Z,,
413,AMEJ.J,9.4433,1998-08-03T00:00:00Z,,
414,AMEJ.J,7.1976,1998-08-03T00:00:00Z,5000854298,
415,AMEJ.J,2.0268,1998-06-30T00:00:00Z,,
416,AMEJ.J,0.2804,1998-12-31T00:00:00Z,,
417,AMEJ.J,0.0,1998-09-30T00:00:00Z,,
418,AMEJ.J,,,,
419,AMEJ.J,,,,
420,AMEJ.J,,,,
421,AMEJ.J,,,,
422,AMEJ.J,,,,
423,AMEJ.J,,,,
424,AMEJ.J,,,,
425,AMEJ.J,,,,
426,AMEJ.J,,,,
427,AMSJ.J,41.2276,1998-08-03T00:00:00Z,4296948644,United Kingdom
428,AMSJ.J,22.17,1998-08-03T00:00:00Z,5000854298,
429,AMSJ.J,3.43,1998-08-03T00:00:00Z,4297902883,
430,AMSJ.J,2.95,1998-08-03T00:00:00Z,,
431,AMSJ.J,0.08,1998-12-31T00:00:00Z,5000152801,
432,AMSJ.J,0.07,1998-12-31T00:00:00Z,,
433,AMSJ.J,0.02,1998-12-31T00:00:00Z,4298409344,
434,AMSJ.J,0.0289,1997-03-31T00:00:00Z,,
435,AMSJ.J,0.01,1998-03-31T00:00:00Z,,
436,AMSJ.J,0.0,1997-09-30T00:00:00Z,,
437,AMSJ.J,0.0,1997-12-31T00:00:00Z,,
438,AMSJ.J,0.0,1998-06-30T00:00:00Z,5000001140,
439,AMSJ.J,0.0,1998-12-31T00:00:00Z,,
440,AMSJ.J,0.0,1998-03-31T00:00:00Z,,
441,AMSJ.J,1.3965,1997-05-19T00:00:00Z,4296948644,
442,AMSJ.J,0.05,1997-12-31T00:00:00Z,,
443,AMSJ.J,0.04,1997-12-31T00:00:00Z,,
444,AMSJ.J,0.0289,1997-03-31T00:00:00Z,,
445,AMSJ.J,0.0244,1997-03-31T00:00:00Z,5000001140,
446,AMSJ.J,0.02,1997-06-30T00:00:00Z,4298409344,
447,AMSJ.J,0.0,1997-09-30T00:00:00Z,,
448,AMSJ.J,0.0,1997-12-31T00:00:00Z,,
449,AMSJ.J,0.0,1997-09-30T00:00:00Z,5000152801,
450,AMSJ.J,,,,
451,AMSJ.J,,,,
452,AMSJ.J,,,,
453,AMSJ.J,,,,
454,AMSJ.J,,,,
455,ANGJ.J,24.39,1998-08-03T00:00:00Z,5000854298,South Africa
456,ANGJ.J,16.7664,1998-08-03T00:00:00Z,4295896494,
457,ANGJ.J,1.7218,1998-08-03T00:00:00Z,4297902883,
458,ANGJ.J,1.6852,1998-08-03T00:00:00Z,4295888430,
459,ANGJ.J,1.0747,1998-08-03T00:00:00Z,,
460,ANGJ.J,0.3926,1998-12-31T00:00:00Z,,
461,ANGJ.J,0.1443,1998-12-31T00:00:00Z,,
462,ANGJ.J,0.1167,1998-12-31T00:00:00Z,,
463,ANGJ.J,0.0068,1998-12-31T00:00:00Z,4298409344,
464,ANGJ.J,0.0041,1998-12-31T00:00:00Z,,
465,ANGJ.J,0.0029,1998-12-31T00:00:00Z,,
466,ANGJ.J,0.0027,1998-06-30T00:00:00Z,5001231143,
467,ANGJ.J,0.0016,1998-12-31T00:00:00Z,5000052202,
468,ANGJ.J,0.0059,1997-06-30T00:00:00Z,,
469,ANGJ.J,0.0001,1998-12-31T00:00:00Z,5000050125,
470,ANGJ.J,0.0,1998-12-31T00:00:00Z,5000036827,
471,ANGJ.J,0.0,1998-06-30T00:00:00Z,5000036022,
472,ANGJ.J,0.0,1997-12-31T00:00:00Z,5000014523,
473,ANGJ.J,0.0,1998-03-31T00:00:00Z,,
474,ANGJ.J,0.1105,1997-12-31T00:00:00Z,,
475,ANGJ.J,0.0942,1997-12-31T00:00:00Z,,
476,ANGJ.J,0.0461,1997-06-30T00:00:00Z,4298409344,
477,ANGJ.J,0.0135,1997-12-31T00:00:00Z,5001231143,
478,ANGJ.J,0.0059,1997-06-30T00:00:00Z,,
479,ANGJ.J,0.0,1997-12-31T00:00:00Z,5000014523,
480,ANGJ.J,,,,
481,ANGJ.J,,,,
482,ANGJ.J,,,,
483,ANGJ.J,,,,
484,ANGJ.J,,,,
485,ANGJ.J,,,,
486,ANGJ.J,,,,
487,ANGJ.J,,,,
488,ANGJ.J,,,,
489,ANGJ.J,,,,
490,ANGJ.J,,,,
491,ANGJ.J,,,,
492,ANGJ.J,,,,
493,ETOJ.J,,,,South Africa
494,AONJn.J,0.0,1997-09-30T00:00:00Z,,South Africa
495,AONJn.J,0.0,1997-09-30T00:00:00Z,,
496,ARDOVA.LG,,,,Nigeria
497,APNJ.J,0.0,1997-06-30T00:00:00Z,,South Africa
498,APNJ.J,0.0,1997-06-30T00:00:00Z,,
499,ARBICO.LG,,,,
500,ARIS.ZI,,,,Zimbabwe
501,ARIJ.J,0.15,1998-12-31T00:00:00Z,,South Africa
502,ARIJ.J,0.253,1998-03-31T00:00:00Z,,
503,ARIJ.J,0.2478,1998-06-30T00:00:00Z,,
504,ARIJ.J,0.0182,1998-12-31T00:00:00Z,4298409344,
505,ARIJ.J,0.0059,1998-06-30T00:00:00Z,5001231143,
506,ARIJ.J,0.0,1998-12-31T00:00:00Z,,
507,ARIJ.J,0.0,1997-06-30T00:00:00Z,,
508,ARIJ.J,0.0267,1997-12-31T00:00:00Z,5001231143,
509,ARIJ.J,0.0033,1997-12-31T00:00:00Z,,
510,ARIJ.J,0.0,1997-06-30T00:00:00Z,,
511,ARIJ.J,,,,
512,ARIJ.J,,,,
513,ARIJ.J,,,,
514,ARIJ.J,,,,
515,ARM.NR,,,,Kenya
516,ARLJ.J,,,,South Africa
517,ABGJ.J,19.3,1998-08-03T00:00:00Z,5000854298,South Africa
518,ABGJ.J,9.34,1998-08-03T00:00:00Z,4297902883,
519,ABGJ.J,4.44,1998-08-03T00:00:00Z,4295889121,
520,ABGJ.J,0.15,1998-12-31T00:00:00Z,5000051932,
521,ABGJ.J,0.14,1998-12-31T00:00:00Z,,
522,ABGJ.J,0.06,1998-03-31T00:00:00Z,,
523,ABGJ.J,0.04,1998-12-31T00:00:00Z,,
524,ABGJ.J,0.0094,1998-12-31T00:00:00Z,4296293277,
525,ABGJ.J,0.01,1998-12-31T00:00:00Z,5000071982,
526,ABGJ.J,0.01,1998-12-31T00:00:00Z,5000052202,
527,ABGJ.J,0.0039,1998-12-31T00:00:00Z,,
528,ABGJ.J,0.0031,1998-06-30T00:00:00Z,,
529,ABGJ.J,0.0016,1998-12-31T00:00:00Z,5000036827,
530,ABGJ.J,0.0009,1998-12-31T00:00:00Z,,
531,ABGJ.J,0.0,1997-09-30T00:00:00Z,,
532,ABGJ.J,0.0,1998-12-31T00:00:00Z,,
533,ABGJ.J,0.0,1997-06-30T00:00:00Z,,
534,ABGJ.J,0.0,1998-12-31T00:00:00Z,,
535,ABGJ.J,8.91,1997-12-01T00:00:00Z,4297902883,
536,ABGJ.J,4.61,1997-11-05T00:00:00Z,4295889121,
537,ABGJ.J,0.11,1997-12-31T00:00:00Z,5000051932,
538,ABGJ.J,0.06,1997-12-31T00:00:00Z,,
539,ABGJ.J,0.05,1997-12-31T00:00:00Z,,
540,ABGJ.J,0.01,1997-12-31T00:00:00Z,5000071982,
541,ABGJ.J,0.0048,1997-12-31T00:00:00Z,4296293277,
542,ABGJ.J,0.0043,1997-12-31T00:00:00Z,,
543,ABGJ.J,0.0,1997-09-30T00:00:00Z,,
544,ABGJ.J,0.0,1997-06-30T00:00:00Z,,
545,ABGJ.J,,,,
546,ABGJ.J,,,,
547,ABGJ.J,,,,
548,ABGJ.J,,,,
549,ABGJ.J,,,,
550,ABGJ.J,,,,
551,ABGJ.J,,,,
552,ABGJ.J,,,,
553,ENXJ.J,,,,South Africa
554,AELJ.J,39.8593,1998-08-03T00:00:00Z,5019887617,South Africa
555,AELJ.J,11.9838,1998-08-03T00:00:00Z,5000854298,
556,AELJ.J,6.022,1998-08-03T00:00:00Z,4297902883,
557,AELJ.J,5.3103,1998-08-03T00:00:00Z,4295896494,
558,AELJ.J,1.3727,1998-08-03T00:00:00Z,5000059446,
559,AELJ.J,0.0,1998-09-30T00:00:00Z,,
560,AELJ.J,40.0719,1997-01-31T00:00:00Z,5019887617,
561,AELJ.J,,,,
562,AELJ.J,,,,
563,AELJ.J,,,,
564,AELJ.J,,,,
565,AELJ.J,,,,
566,AVIJ.J,12.1656,1998-08-03T00:00:00Z,5000854298,South Africa
567,AVIJ.J,6.86,1998-08-03T00:00:00Z,,
568,AVIJ.J,2.5345,1998-08-03T00:00:00Z,4297902883,
569,AVIJ.J,0.0046,1998-12-31T00:00:00Z,,
570,AVIJ.J,0.0036,1998-06-30T00:00:00Z,,
571,AVIJ.J,0.0,1998-06-30T00:00:00Z,,
572,AVIJ.J,0.0,1998-12-31T00:00:00Z,5000052202,
573,AVIJ.J,0.2953,1997-12-31T00:00:00Z,,
574,AVIJ.J,0.0047,1997-12-31T00:00:00Z,,
575,AVIJ.J,0.0017,1997-12-31T00:00:00Z,,
576,AVIJ.J,,,,
577,AVIJ.J,,,,
578,AVIJ.J,,,,
579,AVIJ.J,,,,
580,AVONCRO.LG,,,,Nigeria
581,AYRTN.GH,,,,South Africa
582,BAMB.NR,,,,Switzerland
583,FCA.ZI,,,,Malawi
584,ABSA.BT,0.0,1998-12-31T00:00:00Z,5000706029,South Africa
585,ABSA.BT,0.002,1997-06-30T00:00:00Z,5000706029,
586,BATJ.J,1.1318,1998-12-31T00:00:00Z,,Malta
587,BATJ.J,0.0041,1998-12-31T00:00:00Z,,
588,BATJ.J,,,,
589,BATJ.J,,,,
590,BAT.NR,,,,United Kingdom
591,BAT.ZI,,,,United Kingdom
592,BAWJ.J,30.7723,1998-08-17T00:00:00Z,5000854298,South Africa
593,BAWJ.J,11.0695,1998-08-17T00:00:00Z,4297902883,
594,BAWJ.J,1.3041,1998-08-17T00:00:00Z,5001196246,
595,BAWJ.J,0.2825,1998-03-31T00:00:00Z,,
596,BAWJ.J,0.2733,1998-12-31T00:00:00Z,5000051932,
597,BAWJ.J,0.1401,1998-12-31T00:00:00Z,,
598,BAWJ.J,0.0156,1998-12-31T00:00:00Z,5000071982,
599,BAWJ.J,0.0037,1998-09-30T00:00:00Z,4296293277,
600,BAWJ.J,0.0035,1998-12-31T00:00:00Z,,
601,BAWJ.J,0.0033,1998-06-30T00:00:00Z,,
602,BAWJ.J,0.0031,1998-12-31T00:00:00Z,,
603,BAWJ.J,0.0,1998-09-30T00:00:00Z,4298409344,
604,BAWJ.J,0.0,1998-06-30T00:00:00Z,,
605,BAWJ.J,0.0,1998-06-30T00:00:00Z,5000001140,
606,BAWJ.J,0.0,1998-12-31T00:00:00Z,5000064072,
607,BAWJ.J,0.0,1997-06-30T00:00:00Z,,
608,BAWJ.J,0.1734,1997-12-31T00:00:00Z,5000051932,
609,BAWJ.J,0.0815,1997-12-31T00:00:00Z,,
610,BAWJ.J,0.0776,1997-03-31T00:00:00Z,5000001140,
611,BAWJ.J,0.0485,1997-06-30T00:00:00Z,4298409344,
612,BAWJ.J,0.0199,1997-12-31T00:00:00Z,5000071982,
613,BAWJ.J,0.0096,1997-12-31T00:00:00Z,5000064072,
614,BAWJ.J,0.0045,1997-12-31T00:00:00Z,,
615,BAWJ.J,0.002,1997-12-31T00:00:00Z,,
616,BAWJ.J,0.0,1997-06-30T00:00:00Z,,
617,BAWJ.J,,,,
618,BAWJ.J,,,,
619,BAWJ.J,,,,
620,BAWJ.J,,,,
621,BAWJ.J,,,,
622,BAWJ.J,,,,
623,BAWJ.J,,,,
624,ABSA.NR,0.2153,1998-12-31T00:00:00Z,5001449043,South Africa
625,ABSA.NR,,,,
626,BCFJ.J,52.5507,1998-08-03T00:00:00Z,48471677077,South Africa
627,BCFJ.J,13.7102,1998-08-03T00:00:00Z,5000854298,
628,BCFJ.J,13.1734,1998-08-03T00:00:00Z,48471686560,
629,BCFJ.J,4.686,1998-12-31T00:00:00Z,,
630,BCFJ.J,,,,
631,BCFJ.J,,,,
632,BCFJ.J,,,,
633,BCFJ.J,,,,
634,BELJ.J,25.5242,1998-08-03T00:00:00Z,34413317827,South Africa
635,BELJ.J,25.52,1998-08-03T00:00:00Z,,
636,BELJ.J,25.52,1998-08-03T00:00:00Z,,
637,BELJ.J,10.85,1998-08-03T00:00:00Z,,
638,BELJ.J,8.85,1998-08-03T00:00:00Z,,
639,BELJ.J,5.51,1998-08-03T00:00:00Z,5000854298,
640,BELJ.J,2.5837,1998-08-03T00:00:00Z,5001196246,
641,BELJ.J,25.6171,1997-01-31T00:00:00Z,34413317827,
642,BELJ.J,25.62,1997-01-31T00:00:00Z,,
643,BELJ.J,25.62,1997-01-31T00:00:00Z,,
644,BELJ.J,,,,
645,BELJ.J,,,,
646,BELJ.J,,,,
647,BELJ.J,,,,
648,BERGER.LG,,,,Nigeria
649,CAFCA.ZI,,,,
650,BIHL.BT,,,,South Africa
651,BIKJ.J,,,,South Africa
652,BLUJ.J,,,,South Africa
653,BOPP.GH,,,,Singapore
654,BRDR.ZI,,,,Zimbabwe
655,BRTJ.J,16.14,1998-08-17T00:00:00Z,5055408633,South Africa
656,BRTJ.J,16.14,1998-08-17T00:00:00Z,,
657,BRTJ.J,1.54,1998-08-17T00:00:00Z,34413513297,
658,BRTJ.J,1.2378,1998-08-17T00:00:00Z,34413321011,
659,BRTJ.J,1.22,1998-08-17T00:00:00Z,5055410695,
660,BRTJ.J,,,,
661,BRTJ.J,,,,
662,BRTJ.J,,,,
663,BRTJ.J,,,,
664,BRTJ.J,,,,
665,BSRJ.J,4.51,1998-08-03T00:00:00Z,5000854298,South Africa
666,BSRJ.J,0.52,1998-06-30T00:00:00Z,,
667,BSRJ.J,0.0027,1998-12-31T00:00:00Z,,
668,BSRJ.J,0.27,1997-12-31T00:00:00Z,,
669,BSRJ.J,,,,
670,BSRJ.J,,,,
671,BVTJ.J,27.71,1998-08-03T00:00:00Z,5000854298,South Africa
672,BVTJ.J,16.36,1998-08-03T00:00:00Z,4297902883,
673,BVTJ.J,8.96,1998-07-01T00:00:00Z,,
674,BVTJ.J,6.93,1998-07-01T00:00:00Z,,
675,BVTJ.J,6.85,1998-07-01T00:00:00Z,,
676,BVTJ.J,4.09,1998-07-01T00:00:00Z,5001196246,
677,BVTJ.J,1.45,1998-07-01T00:00:00Z,,
678,BVTJ.J,1.31,1998-07-01T00:00:00Z,,
679,BVTJ.J,1.25,1998-08-03T00:00:00Z,,
680,BVTJ.J,0.06,1998-06-30T00:00:00Z,,
681,BVTJ.J,0.01,1998-03-31T00:00:00Z,,
682,BVTJ.J,0.01,1998-12-31T00:00:00Z,4298409344,
683,BVTJ.J,0.0011,1998-12-31T00:00:00Z,,
684,BVTJ.J,0.0002,1998-12-31T00:00:00Z,5000071982,
685,BVTJ.J,0.0,1997-09-30T00:00:00Z,,
686,BVTJ.J,0.0,1997-12-31T00:00:00Z,5000051932,
687,BVTJ.J,0.0,1998-09-30T00:00:00Z,,
688,BVTJ.J,25.48,1997-01-31T00:00:00Z,,
689,BVTJ.J,0.13,1997-12-31T00:00:00Z,,
690,BVTJ.J,0.01,1997-12-31T00:00:00Z,,
691,BVTJ.J,0.002,1997-12-31T00:00:00Z,,
692,BVTJ.J,0.0,1997-09-30T00:00:00Z,,
693,BVTJ.J,0.0,1997-12-31T00:00:00Z,5000051932,
694,BVTJ.J,,,,
695,BVTJ.J,,,,
696,BVTJ.J,,,,
697,BVTJ.J,,,,
698,BVTJ.J,,,,
699,BVTJ.J,,,,
700,BVTJ.J,,,,
701,BVTJ.J,,,,
702,BVTJ.J,,,,
703,BVTJ.J,,,,
704,BVTJ.J,,,,
705,CILEASI.LG,,,,Nigeria
706,CADBURY.LG,,,,United States
707,CAL.GH,,,,Ghana
708,CAP.LG,,,,Nigeria
709,CAPOIL.LG,,,,Nigeria
710,CGEN.NR,,,,Kenya
711,CARB.NR,,,,Kenya
712,CATJ.J,60.0895,1998-06-01T00:00:00Z,5035511837,South Africa
713,CATJ.J,5.3578,1998-06-01T00:00:00Z,4297902883,
714,CATJ.J,2.776,1998-06-01T00:00:00Z,5000854298,
715,CATJ.J,2.0677,1998-06-01T00:00:00Z,48471680717,
716,CATJ.J,0.7018,1998-12-31T00:00:00Z,,
717,CATJ.J,0.0034,1998-12-31T00:00:00Z,,
718,CATJ.J,0.0023,1998-06-30T00:00:00Z,,
719,CATJ.J,60.9865,1997-01-31T00:00:00Z,5035511837,
720,CATJ.J,0.0037,1997-12-31T00:00:00Z,,
721,CATJ.J,0.0019,1997-12-31T00:00:00Z,,
722,CATJ.J,,,,
723,CATJ.J,,,,
724,CATJ.J,,,,
725,CATJ.J,,,,
726,CRWN.NR,,,,Kenya
727,CBZ.ZI,,,,Zimbabwe
728,SBIC.NR,,,,South Africa
729,CFAO.GH,,,,Japan
730,CFI.ZI,,,,Zimbabwe
731,CGRJ.J,,,,South Africa
732,CHAMPIO.LG,,,,Netherlands
733,CHELLAR.LG,,,,Nigeria
734,CHO.BT,,,,Botswana
735,LACZ.ZI,,,,Switzerland
736,CKSJ.J,9.81,1997-12-04T00:00:00Z,5000854298,South Africa
737,CKSJ.J,7.0,1997-12-04T00:00:00Z,5035499051,
738,CKSJ.J,3.37,1997-12-04T00:00:00Z,,
739,CKSJ.J,2.72,1997-12-04T00:00:00Z,,
740,CKSJ.J,2.66,1997-12-04T00:00:00Z,4295889079,
741,CKSJ.J,1.58,1997-12-04T00:00:00Z,,
742,CKSJ.J,1.53,1997-12-04T00:00:00Z,,
743,CKSJ.J,1.5,1997-12-04T00:00:00Z,,
744,CKSJ.J,1.24,1997-12-04T00:00:00Z,,
745,CKSJ.J,1.17,1997-12-04T00:00:00Z,,
746,CKSJ.J,1.11,1997-12-04T00:00:00Z,,
747,CKSJ.J,1.06,1997-12-04T00:00:00Z,4297902883,
748,CKSJ.J,9.81,1997-12-04T00:00:00Z,5000854298,
749,CKSJ.J,7.0,1997-12-04T00:00:00Z,5035499051,
750,CKSJ.J,3.37,1997-12-04T00:00:00Z,,
751,CKSJ.J,2.72,1997-12-04T00:00:00Z,,
752,CKSJ.J,2.66,1997-12-04T00:00:00Z,4295889079,
753,CKSJ.J,1.58,1997-12-04T00:00:00Z,,
754,CKSJ.J,1.53,1997-12-04T00:00:00Z,,
755,CKSJ.J,1.5,1997-12-04T00:00:00Z,,
756,CKSJ.J,1.24,1997-12-04T00:00:00Z,,
757,CKSJ.J,1.17,1997-12-04T00:00:00Z,,
758,CKSJ.J,1.11,1997-12-04T00:00:00Z,,
759,CKSJ.J,1.06,1997-12-04T00:00:00Z,4297902883,
760,CLHJ.J,48.57,1998-08-03T00:00:00Z,4295888650,South Africa
761,CLHJ.J,18.7272,1998-08-03T00:00:00Z,5035499104,
762,CLHJ.J,2.74,1998-08-03T00:00:00Z,5000854298,
763,CLHJ.J,1.29,1998-08-03T00:00:00Z,4297902883,
764,CLHJ.J,0.19,1998-06-30T00:00:00Z,,
765,CLHJ.J,0.0025,1998-12-31T00:00:00Z,,
766,CLHJ.J,44.75,1997-01-31T00:00:00Z,4295888650,
767,CLHJ.J,25.4674,1997-01-31T00:00:00Z,5035499104,
768,CLHJ.J,0.09,1997-12-31T00:00:00Z,,
769,CLHJ.J,,,,
770,CLHJ.J,,,,
771,CLHJ.J,,,,
772,CLYD.GH,,,,Ghana
773,MTUJ.J,29.33,1998-08-03T00:00:00Z,4298534128,South Africa
774,MTUJ.J,25.02,1998-08-03T00:00:00Z,,
775,MTUJ.J,24.98,1998-08-03T00:00:00Z,,
776,MTUJ.J,25.0,1997-01-31T00:00:00Z,,
777,MTUJ.J,25.0,1997-01-31T00:00:00Z,,
778,MTUJ.J,,,,
779,CMHJ.J,47.68,1998-08-03T00:00:00Z,,South Africa
780,CMHJ.J,25.14,1998-08-03T00:00:00Z,5055410548,
781,CMHJ.J,4.11,1998-08-03T00:00:00Z,48471669190,
782,CMHJ.J,1.35,1998-08-03T00:00:00Z,,
783,CMHJ.J,44.43,1997-01-31T00:00:00Z,,
784,CMHJ.J,25.06,1997-01-31T00:00:00Z,5055410548,
785,CMHJ.J,,,,
786,CMHJ.J,,,,
787,CMLJ.J,,,,South Africa
788,CMLT.GH,,,,Ghana
789,CMOJ.J,,,,South Africa
790,CNDJ.J,,,,South Africa
791,CONFDIN.LG,,,,Nigeria
792,CORNERS.LG,,,,Nigeria
793,COSTAIN.LG,,,,Nigeria
794,AICO.ZI,,,,Zimbabwe
795,CPC.GH,,,,Ghana
796,CPIJ.J,,,,South Africa
797,CRUSADE.LG,,,,Nigeria
798,CSBJ.J,11.19,1998-08-03T00:00:00Z,5055415176,South Africa
799,CSBJ.J,6.03,1998-08-03T00:00:00Z,5035474046,
800,CSBJ.J,3.38,1998-08-03T00:00:00Z,5000854298,
801,CSBJ.J,0.89,1998-08-03T00:00:00Z,4297021561,
802,CSBJ.J,,,,
803,CSBJ.J,,,,
804,CSBJ.J,,,,
805,CSBJ.J,,,,
806,IMH.NR,,,,Kenya
807,CUSTODIAN.LG,,,,Nigeria
808,CUTIX.LG,,,,Nigeria
809,DZL.ZI,,,,Zimbabwe
810,DANGSUG.LG,,,,Nigeria
811,DAWN.ZI,,,,Mauritius
812,SYGEUJ.J,,,,
813,SYGUSJ.J,,,,
814,SYGUKJ.J,,,,
815,SYGJPJ.J,,,,
816,SYGWDJ.J,,,,
817,DLTA.ZI,0.06,1998-12-31T00:00:00Z,5001449043,Zimbabwe
818,DLTA.ZI,,,,
819,BETAGLA.LG,,,,Greece
820,DNMEYER.LG,,,,Nigeria
821,DRDJ.J,,,,South Africa
822,DSYJ.J,,,,South Africa
823,DTCJ.J,19.2381,1998-09-30T00:00:00Z,5000854298,South Africa
824,DTCJ.J,8.2853,1998-09-30T00:00:00Z,34415923066,
825,DTCJ.J,2.5496,1998-09-30T00:00:00Z,4297902883,
826,DTCJ.J,1.3623,1998-09-30T00:00:00Z,4295889203,
827,DTCJ.J,1.3124,1998-09-30T00:00:00Z,48471669465,
828,DTCJ.J,0.8439,1998-06-30T00:00:00Z,,
829,DTCJ.J,0.2334,1998-12-31T00:00:00Z,4298409344,
830,DTCJ.J,0.0026,1998-12-31T00:00:00Z,,
831,DTCJ.J,0.0,1998-06-01T00:00:00Z,4295888700,
832,DTCJ.J,0.0,1998-06-30T00:00:00Z,5000001140,
833,DTCJ.J,,1997-01-31T00:00:00Z,48471669465,
834,DTCJ.J,78.1473,1997-01-31T00:00:00Z,4295888700,
835,DTCJ.J,0.3977,1997-06-30T00:00:00Z,4298409344,
836,DTCJ.J,0.2662,1997-12-31T00:00:00Z,,
837,DTCJ.J,0.1578,1997-03-31T00:00:00Z,5000001140,
838,DTCJ.J,0.0346,1997-12-31T00:00:00Z,,
839,DTCJ.J,,,,
840,DTCJ.J,,,,
841,DTCJ.J,,,,
842,DTCJ.J,,,,
843,DTK.NR,,,,Kenya
844,OCH.NR,,,,Kenya
845,DUNLOP.LG,0.0,1998-12-31T00:00:00Z,5000706029,Nigeria
846,DUNLOP.LG,0.0,1997-06-30T00:00:00Z,5000706029,
847,CABL.NR,,,,Kenya
848,PORT.NR,,,,Kenya
849,EGH.GH,,,,Togo
850,EQTY.NR,,,,Kenya
851,EGAD.NR,,,,
852,EGL.GH,6.54,1997-03-31T00:00:00Z,,Ghana
853,EGL.GH,1.07,1998-12-31T00:00:00Z,5000706029,
854,EGL.GH,6.54,1997-03-31T00:00:00Z,,
855,EGL.GH,0.43,1997-06-30T00:00:00Z,5000706029,
856,EKOCORP.LG,,,,Nigeria
857,ELIJ.J,,,,South Africa
858,ELLAHLA.LG,,,,Nigeria
859,EMIJ.J,,,,
860,ECO.ZI,0.69,1998-12-31T00:00:00Z,5000706029,Zimbabwe
861,ECO.ZI,,,,
862,ENGN.BT,,,,Malaysia
863,EOHJ.J,1.56,1998-12-31T00:00:00Z,,South Africa
864,EOHJ.J,,,,
865,ETERNAO.LG,,,,Nigeria
866,ETI.LG,,,,Togo
867,EVRD.NR,,,,
868,XPRS.NR,,,,Kenya
869,EXXJ.J,,,,South Africa
870,FALG.ZI,,,,Switzerland
871,FBRJ.J,29.6526,1998-08-03T00:00:00Z,,South Africa
872,FBRJ.J,27.8574,1998-08-03T00:00:00Z,34413324417,
873,FBRJ.J,7.31,1998-08-03T00:00:00Z,,
874,FBRJ.J,2.64,1998-08-03T00:00:00Z,5000854298,
875,FBRJ.J,2.27,1998-08-03T00:00:00Z,,
876,FBRJ.J,40.2078,1997-01-31T00:00:00Z,,
877,FBRJ.J,36.4012,1997-01-31T00:00:00Z,34413324417,
878,FBRJ.J,,,,
879,FBRJ.J,,,,
880,FBRJ.J,,,,
881,FCMB.LG,,,,Nigeria
882,FIDL.ZI,,,,Zimbabwe
883,FIDELIT.LG,,,,Nigeria
884,SMER.NR,0.21,1998-12-31T00:00:00Z,5000706029,Kenya
885,SMER.NR,0.1006,1998-12-31T00:00:00Z,5001449043,
886,SMER.NR,0.2086,1997-06-30T00:00:00Z,5000706029,
887,SMER.NR,,,,
888,FBNH.LG,,,,Nigeria
889,FLOURMI.LG,,,,
890,FML.GH,,,,France
891,FNBB.BT,,,,South Africa
892,TFGJ.J,52.45,1998-07-01T00:00:00Z,48471668836,South Africa
893,TFGJ.J,10.88,1998-07-01T00:00:00Z,5000854298,
894,TFGJ.J,5.95,1998-07-01T00:00:00Z,4297902883,
895,TFGJ.J,1.29,1998-07-01T00:00:00Z,48471680717,
896,TFGJ.J,1.28,1998-07-01T00:00:00Z,5001446208,
897,TFGJ.J,0.2384,1998-12-31T00:00:00Z,4298409344,
898,TFGJ.J,0.0068,1998-12-31T00:00:00Z,,
899,TFGJ.J,0.0032,1998-06-30T00:00:00Z,,
900,TFGJ.J,0.0,1998-12-31T00:00:00Z,,
901,TFGJ.J,56.76,1997-01-31T00:00:00Z,48471668836,
902,TFGJ.J,0.0897,1997-06-30T00:00:00Z,4298409344,
903,TFGJ.J,0.0047,1997-12-31T00:00:00Z,,
904,TFGJ.J,0.0018,1997-12-31T00:00:00Z,,
905,TFGJ.J,,,,
906,TFGJ.J,,,,
907,TFGJ.J,,,,
908,TFGJ.J,,,,
909,TFGJ.J,,,,
910,FSRJ.J,13.67,1998-12-31T00:00:00Z,5000854298,South Africa
911,FSRJ.J,7.67,1998-12-31T00:00:00Z,4297902883,
912,FSRJ.J,3.08,1998-12-31T00:00:00Z,,
913,FSRJ.J,0.29,1998-12-31T00:00:00Z,,
914,FSRJ.J,0.08,1998-06-30T00:00:00Z,,
915,FSRJ.J,0.04,1998-12-31T00:00:00Z,4298409344,
916,FSRJ.J,0.01,1998-12-31T00:00:00Z,,
917,FSRJ.J,0.01,1998-12-31T00:00:00Z,,
918,FSRJ.J,0.0019,1998-12-31T00:00:00Z,5000036827,
919,FSRJ.J,0.0017,1998-12-31T00:00:00Z,,
920,FSRJ.J,0.33,1997-12-31T00:00:00Z,,
921,FSRJ.J,0.01,1997-06-30T00:00:00Z,4298409344,
922,FSRJ.J,0.0034,1997-12-31T00:00:00Z,,
923,FSRJ.J,0.002,1997-12-31T00:00:00Z,,
924,FSRJ.J,,,,
925,FSRJ.J,,,,
926,FSRJ.J,,,,
927,FSRJ.J,,,,
928,FSRJ.J,,,,
929,FSRJ.J,,,,
930,CGNJ.J,,,,South Africa
931,GFS.BT,,,,United States
932,GCB.GH,,,,Ghana
933,TSGJ.J,98.77,1998-08-03T00:00:00Z,,South Africa
934,TSGJ.J,2.61,1998-06-01T00:00:00Z,,
935,TSGJ.J,0.19,1998-12-31T00:00:00Z,,
936,TSGJ.J,34.27,1997-01-31T00:00:00Z,,
937,TSGJ.J,3.41,1997-12-31T00:00:00Z,,
938,TSGJ.J,,,,
939,GBH.ZI,,,,Zimbabwe
940,GFIJ.J,14.3838,1998-11-30T00:00:00Z,5000854298,South Africa
941,GFIJ.J,2.2511,1998-11-30T00:00:00Z,4295896494,
942,GFIJ.J,0.148,1998-12-31T00:00:00Z,,
943,GFIJ.J,0.09,1998-12-31T00:00:00Z,,
944,GFIJ.J,0.0168,1998-06-30T00:00:00Z,,
945,GFIJ.J,0.0064,1998-12-31T00:00:00Z,5000008390,
946,GFIJ.J,0.0038,1998-06-30T00:00:00Z,5001231143,
947,GFIJ.J,0.0021,1998-12-31T00:00:00Z,5035750181,
948,GFIJ.J,0.0021,1998-06-30T00:00:00Z,5000036022,
949,GFIJ.J,0.0015,1998-12-31T00:00:00Z,5000050125,
950,GFIJ.J,0.0,1998-06-30T00:00:00Z,5000001140,
951,GFIJ.J,0.0,1997-12-31T00:00:00Z,,
952,GFIJ.J,0.2078,1997-12-31T00:00:00Z,,
953,GFIJ.J,0.0404,1997-03-31T00:00:00Z,5000001140,
954,GFIJ.J,0.0056,1997-12-31T00:00:00Z,5001231143,
955,GFIJ.J,0.0,1997-06-30T00:00:00Z,,
956,GFIJ.J,0.0,1997-12-31T00:00:00Z,,
957,GFIJ.J,,,,
958,GFIJ.J,,,,
959,GFIJ.J,,,,
960,GFIJ.J,,,,
961,GFIJ.J,,,,
962,GFIJ.J,,,,
963,GFIJ.J,,,,
964,GGBL.GH,0.0,1998-06-30T00:00:00Z,5000706029,United Kingdom
965,GGBL.GH,1.2453,1997-06-30T00:00:00Z,5000706029,
966,GLDJ.J,,,,
967,GNDJ.J,50.3595,1998-07-01T00:00:00Z,5035478601,South Africa
968,GNDJ.J,9.45,1998-07-01T00:00:00Z,5000854298,
969,GNDJ.J,1.8121,1998-07-01T00:00:00Z,,
970,GNDJ.J,,,,
971,GNDJ.J,,,,
972,GNDJ.J,,,,
973,GOIL.GH,,,,Ghana
974,GRTJ.J,0.844,1998-07-01T00:00:00Z,5000854298,South Africa
975,GRTJ.J,,,,
976,GUINNES.LG,0.3108,1998-12-31T00:00:00Z,5000706029,United Kingdom
977,GUINNES.LG,0.0283,1997-06-30T00:00:00Z,5000706029,
978,GUINEAI.LG,,,,Nigeria
979,HALLMAR.LG,,,,Nigeria
980,HARJ.J,1.5556,1998-12-31T00:00:00Z,,South Africa
981,HARJ.J,0.3125,1998-12-31T00:00:00Z,,
982,HARJ.J,0.072,1998-03-31T00:00:00Z,,
983,HARJ.J,0.0468,1998-12-31T00:00:00Z,4296583298,
984,HARJ.J,0.0439,1998-12-31T00:00:00Z,5000014523,
985,HARJ.J,0.0307,1998-12-31T00:00:00Z,4298409344,
986,HARJ.J,0.0259,1998-06-30T00:00:00Z,5001231143,
987,HARJ.J,0.0073,1998-12-31T00:00:00Z,5000050125,
988,HARJ.J,0.0,1997-09-30T00:00:00Z,,
989,HARJ.J,0.0,1998-06-30T00:00:00Z,5000001140,
990,HARJ.J,0.0,1998-03-31T00:00:00Z,,
991,HARJ.J,0.7719,1997-12-31T00:00:00Z,,
992,HARJ.J,0.3787,1997-12-31T00:00:00Z,,
993,HARJ.J,0.1535,1997-03-31T00:00:00Z,5000001140,
994,HARJ.J,0.0836,1997-12-31T00:00:00Z,4296583298,
995,HARJ.J,0.0617,1997-12-31T00:00:00Z,5001231143,
996,HARJ.J,0.0028,1997-06-30T00:00:00Z,4298409344,
997,HARJ.J,0.0,1997-12-31T00:00:00Z,5000014523,
998,HARJ.J,0.0,1997-09-30T00:00:00Z,,
999,HARJ.J,,,,
1000,HARJ.J,,,,
1001,HARJ.J,,,,
1002,HCIJ.J,4.41,1998-12-31T00:00:00Z,,South Africa
1003,HCIJ.J,0.72,1998-06-30T00:00:00Z,,
1004,HCIJ.J,,,,
1005,HCIJ.J,32.96,1997-01-31T00:00:00Z,,
1006,HCIJ.J,3.52,1997-12-31T00:00:00Z,,
1007,HCIJ.J,0.0,1997-12-31T00:00:00Z,,
1008,HDCJ.J,1.4424,1998-03-31T00:00:00Z,,South Africa
1009,HDCJ.J,1.4424,1998-06-30T00:00:00Z,,
1010,HDCJ.J,0.0,1998-12-31T00:00:00Z,,
1011,HDCJ.J,1.4426,1997-12-31T00:00:00Z,,
1012,HDCJ.J,0.0059,1997-12-31T00:00:00Z,,
1013,HDCJ.J,,,,
1014,RBGH.GH,,,,Trinidad and Tobago
1015,HFCK.NR,,,,Kenya
1016,HIPO.ZI,,,,South Africa
1017,HLMJ.J,,,,South Africa
1018,HUGJ.J,,,,South Africa
1019,NPKZ.ZI,,,,South Africa
1020,HYPJ.J,0.0178,1998-12-31T00:00:00Z,,South Africa
1021,HYPJ.J,,,,
1022,HYPJ.J,22.3895,1997-01-31T00:00:00Z,5001449671,
1023,HYPJ.J,,,,
1024,IBTC.LG,,,,South Africa
1025,CTUM.NR,0.0401,1998-12-31T00:00:00Z,5001449043,Kenya
1026,CTUM.NR,,,,
1027,IMG.LG,,,,Nigeria
1028,IKEJAHO.LG,,,,Nigeria
1029,IMPJ.J,0.6127,1997-06-03T00:00:00Z,,South Africa
1030,IMPJ.J,0.5338,1998-06-30T00:00:00Z,,
1031,IMPJ.J,0.1317,1998-03-31T00:00:00Z,,
1032,IMPJ.J,0.0666,1998-12-31T00:00:00Z,4298409344,
1033,IMPJ.J,0.0464,1998-12-31T00:00:00Z,,
1034,IMPJ.J,0.0456,1998-12-31T00:00:00Z,,
1035,IMPJ.J,0.0076,1998-12-31T00:00:00Z,5000052202,
1036,IMPJ.J,0.0,1997-12-31T00:00:00Z,5000014523,
1037,IMPJ.J,0.0,1997-12-31T00:00:00Z,,
1038,IMPJ.J,0.0,1998-06-30T00:00:00Z,5000001140,
1039,IMPJ.J,0.6127,1997-06-03T00:00:00Z,,
1040,IMPJ.J,0.1896,1997-12-31T00:00:00Z,,
1041,IMPJ.J,0.045,1997-03-31T00:00:00Z,5000001140,
1042,IMPJ.J,0.0321,1997-06-30T00:00:00Z,4298409344,
1043,IMPJ.J,0.0,1997-12-31T00:00:00Z,5000014523,
1044,IMPJ.J,0.0,1997-12-31T00:00:00Z,,
1045,IMPJ.J,0.0,1997-12-31T00:00:00Z,,
1046,IMPJ.J,0.0,1997-06-30T00:00:00Z,,
1047,IMPJ.J,,,,
1048,IMPJ.J,,,,
1049,FIRSTIN.LG,,,,Nigeria
1050,INLJ.J,14.088,1998-03-02T00:00:00Z,5000854298,South Africa
1051,INLJ.J,12.7898,1998-03-02T00:00:00Z,4297902883,
1052,INLJ.J,0.411,1998-06-30T00:00:00Z,,
1053,INLJ.J,0.1874,1998-12-31T00:00:00Z,5000051932,
1054,INLJ.J,0.0414,1998-03-31T00:00:00Z,,
1055,INLJ.J,0.0225,1998-03-02T00:00:00Z,5000128439,
1056,INLJ.J,0.0041,1998-12-31T00:00:00Z,,
1057,INLJ.J,0.0009,1998-12-31T00:00:00Z,5000052202,
1058,INLJ.J,0.0,1998-09-30T00:00:00Z,4298409344,
1059,INLJ.J,0.0,1998-09-30T00:00:00Z,,
1060,INLJ.J,0.0,1998-06-30T00:00:00Z,5000001140,
1061,INLJ.J,0.0,1997-09-30T00:00:00Z,,
1062,INLJ.J,7.817,1997-01-31T00:00:00Z,5000128439,
1063,INLJ.J,0.8387,1997-12-31T00:00:00Z,,
1064,INLJ.J,0.2897,1997-03-31T00:00:00Z,5000001140,
1065,INLJ.J,0.0735,1997-06-30T00:00:00Z,4298409344,
1066,INLJ.J,0.0089,1997-12-31T00:00:00Z,5000051932,
1067,INLJ.J,0.0042,1997-12-31T00:00:00Z,,
1068,INLJ.J,0.002,1997-12-31T00:00:00Z,,
1069,INLJ.J,0.0,1997-09-30T00:00:00Z,,
1070,INLJ.J,,,,
1071,INLJ.J,,,,
1072,INLJ.J,,,,
1073,INLJ.J,,,,
1074,INN.ZI,,,,Zimbabwe
1075,INTBREW.LG,,,,Germany
1076,EUNISELL.LG,,,,Nigeria
1077,ISAJ.J,,,,South Africa
1078,ISBJ.J,,,,South Africa
1079,ITEJ.J,0.0,1998-06-30T00:00:00Z,,
1080,ITEJ.J,,,,
1081,ITEJ.J,,,,
1082,ITEJ.J,60.5,1997-01-31T00:00:00Z,5035512577,
1083,ITEJ.J,5.2,1997-01-31T00:00:00Z,,
1084,ITEJ.J,0.0,1997-12-31T00:00:00Z,,
1085,IVTJ.J,0.0036,1998-12-31T00:00:00Z,,South Africa
1086,IVTJ.J,0.0,1998-12-31T00:00:00Z,,
1087,IVTJ.J,0.0064,1997-12-31T00:00:00Z,,
1088,IVTJ.J,,,,
1089,JAPAULGOLD.LG,,,,Nigeria
1090,JBERGER.LG,0.0161,1998-12-31T00:00:00Z,5000706029,Nigeria
1091,JBERGER.LG,0.1615,1997-06-30T00:00:00Z,5000706029,
1092,ATIJ.J,,,,
1093,JOHNHOL.LG,0.0,1998-06-30T00:00:00Z,5000706029,
1094,JOHNHOL.LG,0.1532,1997-06-30T00:00:00Z,5000706029,
1095,JSCJ.J,2.5722,1998-06-30T00:00:00Z,,South Africa
1096,JSCJ.J,,,,
1097,JSCJ.J,,,,
1098,JSCJ.J,20.8076,1997-01-31T00:00:00Z,4295891340,
1099,JSCJ.J,16.6,1997-01-31T00:00:00Z,34413325189,
1100,JSCJ.J,,,,
1101,JSEJ.J,,,,South Africa
1102,JUB.NR,,,,Kenya
1103,JULI.LG,,,,Nigeria
1104,KUKZ.NR,0.0,1998-12-31T00:00:00Z,5000706029,Bermuda
1105,KUKZ.NR,0.5482,1997-06-30T00:00:00Z,5000706029,
1106,KAPC.NR,,,,Kenya
1107,KAPJ.J,62.94,1998-06-01T00:00:00Z,4296692230,South Africa
1108,KAPJ.J,5.51,1998-07-01T00:00:00Z,5000854298,
1109,KAPJ.J,0.0047,1998-12-31T00:00:00Z,,
1110,KAPJ.J,,,,
1111,KAPJ.J,,,,
1112,KAPJ.J,,,,
1113,KCB.NR,0.4476,1998-12-31T00:00:00Z,5000706029,Kenya
1114,KCB.NR,0.2785,1998-12-31T00:00:00Z,5001449043,
1115,KCB.NR,0.2308,1997-06-30T00:00:00Z,5000706029,
1116,KCB.NR,,,,
1117,KEGN.NR,,,,Kenya
1118,KIOJ.J,,,,United Kingdom
1119,ORCH.NR,,,,Kenya
1120,KPLC.NR,,,,Kenya
1121,KQNA.NR,26.0,1998-07-14T00:00:00Z,,Kenya
1122,KQNA.NR,,,,
1123,KNRE.NR,,,,Kenya
1124,LABJ.J,25.797,1998-08-03T00:00:00Z,48470517600,South Africa
1125,LABJ.J,,,,
1126,LASACO.LG,,,,Nigeria
1127,LBHJ.J^C22,10.09,1998-07-01T00:00:00Z,5000854298,South Africa
1128,LBHJ.J^C22,2.81,1998-07-01T00:00:00Z,4297902883,
1129,LBHJ.J^C22,0.4,1998-12-31T00:00:00Z,,
1130,LBHJ.J^C22,0.23,1998-06-30T00:00:00Z,,
1131,LBHJ.J^C22,0.15,1998-03-31T00:00:00Z,,
1132,LBHJ.J^C22,0.03,1998-12-31T00:00:00Z,,
1133,LBHJ.J^C22,0.0,1997-12-31T00:00:00Z,,
1134,LBHJ.J^C22,,,,
1135,LBHJ.J^C22,,,,
1136,LBHJ.J^C22,,,,
1137,LBHJ.J^C22,,,,
1138,LBHJ.J^C22,,,,
1139,LEWJ.J,,,,South Africa
1140,LETS.BT,,,,Botswana
1141,UNILEVE.LG,0.0,1998-12-31T00:00:00Z,5000706029,United Kingdom
1142,UNILEVE.LG,0.0,1997-06-30T00:00:00Z,5000706029,
1143,LIMT.NR,,,,United Kingdom
1144,LINKASS.LG,,,,Nigeria
1145,LIVESTO.LG,,,,Nigeria
1146,LEARNAF.LG,,,,United Kingdom
1147,BFCA.ZI,,,,Zimbabwe
1148,MANDRID.LG,,,,Nigeria
1149,MASH.ZI,,,,Zimbabwe
1150,MAYBAKE.LG,,,,Nigeria
1151,MBENEFI.LG,,,,Nigeria
1152,KMAL.ZI,0.0,1997-12-31T00:00:00Z,,Zimbabwe
1153,KMAL.ZI,0.0,1997-09-30T00:00:00Z,5000051932,
1154,KMAL.ZI,0.0,1997-12-31T00:00:00Z,,
1155,KMAL.ZI,0.0,1997-09-30T00:00:00Z,5000051932,
1156,MTMJ.J,,,,South Africa
1157,MFLJ.J,27.47,1998-08-03T00:00:00Z,5000854298,South Africa
1158,MFLJ.J,6.23,1998-08-03T00:00:00Z,5001196246,
1159,MFLJ.J,2.5318,1998-08-03T00:00:00Z,,
1160,MFLJ.J,2.38,1998-08-03T00:00:00Z,,
1161,MFLJ.J,1.45,1998-12-31T00:00:00Z,,
1162,MFLJ.J,1.26,1998-08-03T00:00:00Z,,
1163,MFLJ.J,0.87,1998-12-31T00:00:00Z,4298409344,
1164,MFLJ.J,0.0025,1998-06-30T00:00:00Z,,
1165,MFLJ.J,4.86,1997-12-31T00:00:00Z,,
1166,MFLJ.J,1.3837,1997-12-31T00:00:00Z,,
1167,MFLJ.J,0.0036,1997-12-31T00:00:00Z,,
1168,MFLJ.J,,,,
1169,MFLJ.J,,,,
1170,MFLJ.J,,,,
1171,MFLJ.J,,,,
1172,MFLJ.J,,,,
1173,MIXJ.J,,,,South Africa
1174,SEBJ.J,,,,
1175,UATJ.J,,,,South Africa
1176,TOTAL.GH,,,,France
1177,MORISON.LG,,,,Nigeria
1178,MRPJ.J,7.0711,1998-08-03T00:00:00Z,4297021561,South Africa
1179,MRPJ.J,7.0539,1998-08-03T00:00:00Z,4297902883,
1180,MRPJ.J,4.1534,1998-08-03T00:00:00Z,5000854298,
1181,MRPJ.J,2.952,1998-08-03T00:00:00Z,5000772465,
1182,MRPJ.J,2.4426,1998-03-31T00:00:00Z,,
1183,MRPJ.J,2.4333,1998-06-30T00:00:00Z,,
1184,MRPJ.J,0.0074,1998-12-31T00:00:00Z,,
1185,MRPJ.J,0.0,1998-06-30T00:00:00Z,,
1186,MRPJ.J,0.0075,1997-12-31T00:00:00Z,,
1187,MRPJ.J,0.0,1997-12-31T00:00:00Z,,
1188,MRPJ.J,,,,
1189,MRPJ.J,,,,
1190,MRPJ.J,,,,
1191,MRPJ.J,,,,
1192,MRPJ.J,,,,
1193,MRPJ.J,,,,
1194,MSHL.ZI,,,,Zimbabwe
1195,ZIMR.ZI,,,,Zimbabwe
1196,MRFJ.J,39.1694,1998-08-03T00:00:00Z,5000854298,South Africa
1197,MRFJ.J,26.859,1998-08-03T00:00:00Z,5001447542,
1198,MRFJ.J,12.7207,1998-08-03T00:00:00Z,,
1199,MRFJ.J,10.5571,1998-08-03T00:00:00Z,5055413127,
1200,MRFJ.J,8.4308,1998-08-03T00:00:00Z,,
1201,MRFJ.J,6.9759,1998-08-03T00:00:00Z,5055410695,
1202,MRFJ.J,4.5138,1998-08-03T00:00:00Z,,
1203,MRFJ.J,,,,
1204,MRFJ.J,,,,
1205,MRFJ.J,,,,
1206,MRFJ.J,,,,
1207,MRFJ.J,,,,
1208,MRFJ.J,,,,
1209,MRFJ.J,,,,
1210,MSC.NR,,,,Kenya
1211,MSTJ.J,15.985,1998-08-03T00:00:00Z,5000854298,South Africa
1212,MSTJ.J,12.6536,1998-08-03T00:00:00Z,,
1213,MSTJ.J,12.2422,1998-08-03T00:00:00Z,34413317955,
1214,MSTJ.J,4.9867,1998-06-30T00:00:00Z,,
1215,MSTJ.J,4.2054,1998-12-31T00:00:00Z,,
1216,MSTJ.J,2.1141,1998-09-30T00:00:00Z,,
1217,MSTJ.J,1.8363,1998-08-03T00:00:00Z,48471686387,
1218,MSTJ.J,1.4851,1998-08-03T00:00:00Z,4297902883,
1219,MSTJ.J,1.3848,1998-08-03T00:00:00Z,5001196246,
1220,MSTJ.J,0.003,1998-12-31T00:00:00Z,,
1221,MSTJ.J,3.4417,1997-12-31T00:00:00Z,,
1222,MSTJ.J,0.0646,1997-12-31T00:00:00Z,,
1223,MSTJ.J,0.0026,1997-12-31T00:00:00Z,,
1224,MSTJ.J,,,,
1225,MSTJ.J,,,,
1226,MSTJ.J,,,,
1227,MSTJ.J,,,,
1228,MSTJ.J,,,,
1229,MSTJ.J,,,,
1230,MSTJ.J,,,,
1231,MTAJ.J,16.61,1998-08-03T00:00:00Z,5000854298,South Africa
1232,MTAJ.J,13.36,1998-08-03T00:00:00Z,,
1233,MTAJ.J,0.0,1997-01-31T00:00:00Z,,
1234,MTAJ.J,,,,
1235,MTNJ.J,10.79,1998-07-01T00:00:00Z,5000854298,South Africa
1236,MTNJ.J,0.05,1998-12-31T00:00:00Z,,
1237,MTNJ.J,0.03,1998-12-31T00:00:00Z,,
1238,MTNJ.J,0.0034,1998-12-31T00:00:00Z,,
1239,MTNJ.J,0.0037,1998-06-30T00:00:00Z,,
1240,MTNJ.J,0.01,1997-12-31T00:00:00Z,,
1241,MTNJ.J,0.0019,1997-12-31T00:00:00Z,,
1242,MTNJ.J,0.0,1997-06-30T00:00:00Z,,
1243,MTNJ.J,,,,
1244,MTNJ.J,,,,
1245,MURJ.J,26.12,1998-08-03T00:00:00Z,5000854298,South Africa
1246,MURJ.J,1.28,1998-08-03T00:00:00Z,,
1247,MURJ.J,0.14,1998-06-30T00:00:00Z,,
1248,MURJ.J,0.08,1998-12-31T00:00:00Z,5000052202,
1249,MURJ.J,0.0,1998-12-31T00:00:00Z,,
1250,MURJ.J,0.0,1998-06-30T00:00:00Z,,
1251,MURJ.J,0.46,1997-12-31T00:00:00Z,,
1252,MURJ.J,0.01,1997-12-31T00:00:00Z,,
1253,MURJ.J,0.0,1997-12-31T00:00:00Z,,
1254,MURJ.J,,,,
1255,MURJ.J,,,,
1256,MURJ.J,,,,
1257,NAHCO.LG,,,,Nigeria
1258,NASCON.LG,,,,Nigeria
1259,NB.LG,3.7519,1997-12-31T00:00:00Z,4295884808,Netherlands
1260,NB.LG,0.0132,1998-12-31T00:00:00Z,5001449043,
1261,NB.LG,0.0079,1998-12-31T00:00:00Z,5000706029,
1262,NB.LG,3.7519,1997-12-31T00:00:00Z,4295884808,
1263,NB.LG,0.0026,1997-06-30T00:00:00Z,5000706029,
1264,NB.LG,,,,
1265,SXMJ.J,7.2901,1998-06-01T00:00:00Z,5000854298,South Africa
1266,SXMJ.J,3.3143,1998-06-01T00:00:00Z,,
1267,SXMJ.J,2.1037,1998-06-01T00:00:00Z,5055407070,
1268,SXMJ.J,1.9765,1998-12-31T00:00:00Z,,
1269,SXMJ.J,1.945,1998-06-01T00:00:00Z,4297902883,
1270,SXMJ.J,1.8457,1998-06-01T00:00:00Z,5043455375,
1271,SXMJ.J,1.2636,1998-06-01T00:00:00Z,5055410695,
1272,SXMJ.J,1.2437,1998-06-01T00:00:00Z,,
1273,SXMJ.J,1.1709,1998-06-01T00:00:00Z,,
1274,SXMJ.J,0.6616,1998-06-01T00:00:00Z,5055414660,
1275,SXMJ.J,0.0832,1998-12-31T00:00:00Z,,
1276,SXMJ.J,0.0019,1998-06-30T00:00:00Z,,
1277,SXMJ.J,2.551,1997-12-31T00:00:00Z,,
1278,SXMJ.J,0.356,1997-12-31T00:00:00Z,,
1279,SXMJ.J,,,,
1280,SXMJ.J,,,,
1281,SXMJ.J,,,,
1282,SXMJ.J,,,,
1283,SXMJ.J,,,,
1284,SXMJ.J,,,,
1285,SXMJ.J,,,,
1286,SXMJ.J,,,,
1287,SXMJ.J,,,,
1288,SXMJ.J,,,,
1289,NCR.LG,,,,United States
1290,NCSJ.J,61.55,1998-08-03T00:00:00Z,5055412260,South Africa
1291,NCSJ.J,9.4214,1998-08-03T00:00:00Z,5000854298,
1292,NCSJ.J,4.6178,1998-12-31T00:00:00Z,5001449043,
1293,NCSJ.J,2.44,1998-08-03T00:00:00Z,,
1294,NCSJ.J,2.17,1998-08-03T00:00:00Z,,
1295,NCSJ.J,,,,
1296,NCSJ.J,,,,
1297,NCSJ.J,,,,
1298,NCSJ.J,,,,
1299,NCSJ.J,,,,
1300,NEDJ.J,15.6631,1998-08-03T00:00:00Z,5000854298,South Africa
1301,NEDJ.J,3.2975,1998-08-03T00:00:00Z,4297902883,
1302,NEDJ.J,1.458,1998-04-01T00:00:00Z,,
1303,NEDJ.J,0.2634,1998-12-31T00:00:00Z,,
1304,NEDJ.J,0.1466,1998-03-31T00:00:00Z,,
1305,NEDJ.J,0.0712,1998-12-31T00:00:00Z,4298409344,
1306,NEDJ.J,0.0645,1998-12-31T00:00:00Z,,
1307,NEDJ.J,0.0215,1998-12-31T00:00:00Z,,
1308,NEDJ.J,0.0083,1998-12-31T00:00:00Z,,
1309,NEDJ.J,0.0043,1998-12-31T00:00:00Z,,
1310,NEDJ.J,0.0043,1998-12-31T00:00:00Z,5000036827,
1311,NEDJ.J,0.0037,1998-12-31T00:00:00Z,5000052202,
1312,NEDJ.J,0.003,1998-06-30T00:00:00Z,,
1313,NEDJ.J,0.0004,1998-12-31T00:00:00Z,,
1314,NEDJ.J,0.0,1998-12-31T00:00:00Z,,
1315,NEDJ.J,0.2651,1997-12-31T00:00:00Z,,
1316,NEDJ.J,0.0479,1997-12-31T00:00:00Z,,
1317,NEDJ.J,0.0417,1997-12-31T00:00:00Z,,
1318,NEDJ.J,0.0226,1997-06-30T00:00:00Z,4298409344,
1319,NEDJ.J,0.0184,1997-12-31T00:00:00Z,,
1320,NEDJ.J,0.0174,1997-12-31T00:00:00Z,,
1321,NEDJ.J,0.0044,1997-12-31T00:00:00Z,,
1322,NEDJ.J,0.0043,1997-12-31T00:00:00Z,,
1323,NEDJ.J,,,,
1324,NEDJ.J,,,,
1325,NEDJ.J,,,,
1326,NEDJ.J,,,,
1327,NEDJ.J,,,,
1328,NEDJ.J,,,,
1329,NEDJ.J,,,,
1330,NEM.LG,,,,Nigeria
1331,NESF.LG,,,,Nigeria
1332,NESTLE.LG,0.0,1998-12-31T00:00:00Z,5000706029,Switzerland
1333,NESTLE.LG,0.0,1997-06-30T00:00:00Z,5000706029,
1334,NPHJ.J,14.2088,1998-07-17T00:00:00Z,5000854298,South Africa
1335,NPHJ.J,0.018,1998-12-31T00:00:00Z,,
1336,NPHJ.J,,,,
1337,NPHJ.J,,,,
1338,NCBA.NR,1.4251,1998-12-31T00:00:00Z,5000706029,Kenya
1339,NCBA.NR,2.5289,1997-06-30T00:00:00Z,5000706029,
1340,NIDBFUN.LG,,,,Nigeria
1341,NIGERIN.LG,,,,Nigeria
1342,NIGROPE.LG,,,,Nigeria
1343,NIWICAB.LG,,,,Nigeria
1344,NMB.ZI,,,,Zimbabwe
1345,NMG.NR,0.5437,1998-12-31T00:00:00Z,5000706029,Kenya
1346,NMG.NR,0.2718,1997-06-30T00:00:00Z,5000706029,
1347,NNFM.LG,,,,
1348,CONOIL.LG,,,,Nigeria
1349,NPKJ.J,59.4612,1998-09-30T00:00:00Z,,South Africa
1350,NPKJ.J,9.0575,1998-08-03T00:00:00Z,5000854298,
1351,NPKJ.J,4.1134,1998-08-03T00:00:00Z,4297902883,
1352,NPKJ.J,1.8916,1998-08-03T00:00:00Z,,
1353,NPKJ.J,0.3279,1998-09-30T00:00:00Z,48471687286,
1354,NPKJ.J,0.0171,1998-12-31T00:00:00Z,5000071982,
1355,NPKJ.J,0.0035,1998-12-31T00:00:00Z,,
1356,NPKJ.J,0.0023,1998-06-30T00:00:00Z,,
1357,NPKJ.J,59.6429,1997-09-30T00:00:00Z,,
1358,NPKJ.J,0.3382,1997-09-30T00:00:00Z,48471687286,
1359,NPKJ.J,0.0171,1997-12-31T00:00:00Z,5000071982,
1360,NPKJ.J,0.0031,1997-12-31T00:00:00Z,,
1361,NPKJ.J,0.0018,1997-12-31T00:00:00Z,,
1362,NPKJ.J,,,,
1363,NPKJ.J,,,,
1364,NPKJ.J,,,,
1365,NPNJn.J,30.01,1998-08-03T00:00:00Z,5000854298,South Africa
1366,NPNJn.J,2.81,1998-08-03T00:00:00Z,4297902883,
1367,NPNJn.J,1.21,1998-12-31T00:00:00Z,,
1368,NPNJn.J,0.08,1998-03-31T00:00:00Z,,
1369,NPNJn.J,0.0034,1998-06-30T00:00:00Z,,
1370,NPNJn.J,0.0,1997-09-30T00:00:00Z,,
1371,NPNJn.J,0.0,1997-12-31T00:00:00Z,,
1372,NPNJn.J,0.0039,1997-12-31T00:00:00Z,,
1373,NPNJn.J,0.0,1997-09-30T00:00:00Z,,
1374,NPNJn.J,0.0,1997-12-31T00:00:00Z,,
1375,NPNJn.J,,,,
1376,NPNJn.J,,,,
1377,NPNJn.J,,,,
1378,NPNJn.J,,,,
1379,NRDJ.J^D14,,,,
1380,NTCJ.J,57.88,1998-08-03T00:00:00Z,5000854298,South Africa
1381,NTCJ.J,9.75,1998-08-03T00:00:00Z,5000128439,
1382,NTCJ.J,8.48,1998-08-03T00:00:00Z,34414034225,
1383,NTCJ.J,5.82,1998-12-31T00:00:00Z,,
1384,NTCJ.J,6.39,1998-08-03T00:00:00Z,5055412002,
1385,NTCJ.J,1.69,1998-08-03T00:00:00Z,,
1386,NTCJ.J,1.17,1998-06-30T00:00:00Z,,
1387,NTCJ.J,0.38,1998-03-31T00:00:00Z,,
1388,NTCJ.J,0.0087,1998-12-31T00:00:00Z,,
1389,NTCJ.J,0.83,1997-12-31T00:00:00Z,,
1390,NTCJ.J,0.0038,1997-12-31T00:00:00Z,,
1391,NTCJ.J,0.0,1997-09-30T00:00:00Z,,
1392,NTCJ.J,,,,
1393,NTCJ.J,,,,
1394,NTCJ.J,,,,
1395,NTCJ.J,,,,
1396,NTCJ.J,,,,
1397,NTCJ.J,,,,
1398,NTS.ZI,,,,Zimbabwe
1399,NWLJ.J,60.26,1998-08-03T00:00:00Z,5000854298,South Africa
1400,NWLJ.J,2.91,1998-08-03T00:00:00Z,4297021561,
1401,NWLJ.J,1.7,1998-08-03T00:00:00Z,4297902883,
1402,NWLJ.J,0.02,1998-12-31T00:00:00Z,,
1403,NWLJ.J,0.0,1998-03-31T00:00:00Z,,
1404,NWLJ.J,0.12,1997-12-31T00:00:00Z,,
1405,NWLJ.J,,,,
1406,NWLJ.J,,,,
1407,NWLJ.J,,,,
1408,NWLJ.J,,,,
1409,OASJ.J,,,,South Africa
1410,OKZ.ZI,,,,Zimbabwe
1411,OKOMUOI.LG,,,,Luxembourg
1412,OLGJ.J,23.4711,1998-08-03T00:00:00Z,5000854298,South Africa
1413,OLGJ.J,17.378,1998-08-03T00:00:00Z,5001447542,
1414,OLGJ.J,4.8708,1998-06-30T00:00:00Z,,
1415,OLGJ.J,4.0832,1998-08-03T00:00:00Z,4297902883,
1416,OLGJ.J,,,,
1417,OLGJ.J,,,,
1418,OLGJ.J,,,,
1419,OLGJ.J,,,,
1420,OMUJ.J,,,,South Africa
1421,OMNJ.J,11.5961,1998-08-03T00:00:00Z,5000854298,South Africa
1422,OMNJ.J,5.525,1998-08-03T00:00:00Z,5043445914,
1423,OMNJ.J,2.5314,1998-08-03T00:00:00Z,34413679820,
1424,OMNJ.J,1.5125,1998-08-03T00:00:00Z,5043444994,
1425,OMNJ.J,1.2605,1998-07-06T00:00:00Z,,
1426,OMNJ.J,0.0111,1998-12-31T00:00:00Z,,
1427,OMNJ.J,0.0077,1997-12-31T00:00:00Z,,
1428,OMNJ.J,,,,
1429,OMNJ.J,,,,
1430,OMNJ.J,,,,
1431,OMNJ.J,,,,
1432,OMNJ.J,,,,
1433,OREJ.J^L19,,,,South Africa
1434,SLAM.NR,,,,South Africa
1435,PBC.GH,,,,Ghana
1436,NEIMETH.LG,,,,Nigeria
1437,PHARMDE.LG,,,,Nigeria
1438,PIKJ.J,,1998-07-31T00:00:00Z,4295888552,South Africa
1439,PIKJ.J,58.03,1998-07-31T00:00:00Z,5000854298,
1440,PIKJ.J,11.88,1998-07-31T00:00:00Z,4297902883,
1441,PIKJ.J,0.85,1998-12-31T00:00:00Z,,
1442,PIKJ.J,0.01,1998-12-31T00:00:00Z,,
1443,PIKJ.J,0.0032,1998-06-30T00:00:00Z,,
1444,PIKJ.J,,1997-01-31T00:00:00Z,4295888552,
1445,PIKJ.J,0.01,1997-12-31T00:00:00Z,,
1446,PIKJ.J,0.0031,1997-12-31T00:00:00Z,,
1447,PIKJ.J,,,,
1448,PIKJ.J,,,,
1449,PIKJ.J,,,,
1450,UNIF.ZI,,,,Zimbabwe
1451,PMVJ.J,14.6204,1998-08-03T00:00:00Z,5000854298,South Africa
1452,PMVJ.J,3.8251,1998-08-03T00:00:00Z,4295888698,
1453,PMVJ.J,1.9942,1998-08-03T00:00:00Z,5035492921,
1454,PMVJ.J,1.7195,1998-08-03T00:00:00Z,,
1455,PMVJ.J,1.5823,1998-12-31T00:00:00Z,,
1456,PMVJ.J,0.0123,1998-12-31T00:00:00Z,,
1457,PMVJ.J,,,,
1458,PMVJ.J,,,,
1459,PMVJ.J,,,,
1460,PMVJ.J,,,,
1461,PMVJ.J,,,,
1462,PMVJ.J,,,,
1463,POLYPRO.LG,,,,Nigeria
1464,PPCJ.J,64.3379,1998-08-03T00:00:00Z,4295888508,South Africa
1465,PPCJ.J,11.0294,1998-08-03T00:00:00Z,5000854298,
1466,PPCJ.J,4.7815,1998-08-03T00:00:00Z,4297902883,
1467,PPCJ.J,0.1893,1998-03-31T00:00:00Z,,
1468,PPCJ.J,0.0054,1998-12-31T00:00:00Z,,
1469,PPCJ.J,0.0039,1998-06-30T00:00:00Z,,
1470,PPCJ.J,0.0,1998-06-30T00:00:00Z,,
1471,PPCJ.J,65.7181,1997-01-31T00:00:00Z,4295888508,
1472,PPCJ.J,1.0695,1997-12-31T00:00:00Z,,
1473,PPCJ.J,0.0066,1997-12-31T00:00:00Z,,
1474,PPCJ.J,0.0017,1997-12-31T00:00:00Z,,
1475,PPCJ.J,,,,
1476,PPCJ.J,,,,
1477,PPCJ.J,,,,
1478,PPEJ.J,,,,South Africa
1479,PPRJ.J,53.01,1998-08-03T00:00:00Z,5035497278,
1480,PPRJ.J,8.1,1998-08-03T00:00:00Z,5000854298,
1481,PPRJ.J,3.15,1998-08-03T00:00:00Z,,
1482,PPRJ.J,1.84,1998-08-03T00:00:00Z,4297021561,
1483,PPRJ.J,53.0,1997-01-31T00:00:00Z,5035497278,
1484,PPRJ.J,,,,
1485,PPRJ.J,,,,
1486,PPRJ.J,,,,
1487,PREMBRE.LG,,,,Nigeria
1488,PREMPAI.LG,,,,Nigeria
1489,PRESCO.LG,,,,Belgium
1490,PRESTIG.LG,,,,India
1491,PMT_u.BT,,,,Botswana
1492,PSVJ.J,67.73,1998-06-01T00:00:00Z,5055414214,South Africa
1493,PSVJ.J,4.89,1998-06-01T00:00:00Z,5055409052,
1494,PSVJ.J,1.5,1998-06-01T00:00:00Z,5000854298,
1495,PSVJ.J,,,,
1496,PSVJ.J,,,,
1497,PSVJ.J,,,,
1498,PTXSPYJ.J^K19,,,,
1499,PWS.ZI,,,,Zimbabwe
1500,PZ.LG,,,,United Kingdom
1501,RAKUNIT.LG,,,,
1502,RBXJ.J,,,,South Africa
1503,RCLJ.J,10.6339,1998-08-03T00:00:00Z,5000074201,South Africa
1504,RCLJ.J,1.234,1998-08-03T00:00:00Z,5000854298,
1505,RCLJ.J,0.488,1998-08-03T00:00:00Z,5055411391,
1506,RCLJ.J,0.005,1998-06-30T00:00:00Z,,
1507,RCLJ.J,0.0005,1998-12-31T00:00:00Z,,
1508,RCLJ.J,5.2394,1997-01-31T00:00:00Z,5055411391,
1509,RCLJ.J,1.1676,1997-12-31T00:00:00Z,,
1510,RCLJ.J,,,,
1511,RCLJ.J,,,,
1512,RCLJ.J,,,,
1513,RDCP.BT,,,,Botswana
1514,RDFJ.J,,,,South Africa
1515,REMJ.J,,,,South Africa
1516,RESJ.J,,,,South Africa
1517,RTNR.ZI,0.0,1997-12-31T00:00:00Z,5001231143,Zimbabwe
1518,RTNR.ZI,0.0,1997-12-31T00:00:00Z,5001231143,
1519,RLOJ.J,33.93,1998-08-03T00:00:00Z,5000854298,South Africa
1520,RLOJ.J,2.23,1998-12-31T00:00:00Z,,
1521,RLOJ.J,1.75,1998-08-03T00:00:00Z,4297902883,
1522,RLOJ.J,0.6,1998-03-31T00:00:00Z,,
1523,RLOJ.J,0.02,1998-12-31T00:00:00Z,5000052202,
1524,RLOJ.J,0.0048,1998-06-30T00:00:00Z,,
1525,RLOJ.J,0.0047,1998-12-31T00:00:00Z,,
1526,RLOJ.J,1.0,1997-12-31T00:00:00Z,,
1527,RLOJ.J,0.0055,1997-12-31T00:00:00Z,,
1528,RLOJ.J,0.0018,1997-12-31T00:00:00Z,,
1529,RLOJ.J,,,,
1530,RLOJ.J,,,,
1531,RLOJ.J,,,,
1532,RLOJ.J,,,,
1533,RMHJ.J,16.63,1998-12-31T00:00:00Z,5000854298,South Africa
1534,RMHJ.J,8.87,1998-12-31T00:00:00Z,4297902883,
1535,RMHJ.J,1.08,1998-12-31T00:00:00Z,5001196246,
1536,RMHJ.J,0.97,1998-12-31T00:00:00Z,5043417200,
1537,RMHJ.J,0.12,1998-03-31T00:00:00Z,,
1538,RMHJ.J,0.0035,1998-12-31T00:00:00Z,,
1539,RMHJ.J,0.0028,1998-06-30T00:00:00Z,,
1540,RMHJ.J,0.0,1998-09-30T00:00:00Z,,
1541,RMHJ.J,0.41,1997-12-31T00:00:00Z,,
1542,RMHJ.J,0.0039,1997-12-31T00:00:00Z,,
1543,RMHJ.J,0.002,1997-12-31T00:00:00Z,,
1544,RMHJ.J,,,,
1545,RMHJ.J,,,,
1546,RMHJ.J,,,,
1547,RMHJ.J,,,,
1548,RMHJ.J,,,,
1549,RNGJ.J,31.26,1998-08-03T00:00:00Z,5000854298,South Africa
1550,RNGJ.J,17.68,1998-06-30T00:00:00Z,,
1551,RNGJ.J,17.68,1998-12-31T00:00:00Z,,
1552,RNGJ.J,6.56,1998-08-03T00:00:00Z,4297902883,
1553,RNGJ.J,4.36,1998-08-03T00:00:00Z,5001422245,
1554,RNGJ.J,1.67,1998-08-03T00:00:00Z,5037050157,
1555,RNGJ.J,0.78,1998-12-31T00:00:00Z,,
1556,RNGJ.J,0.18,1998-06-30T00:00:00Z,5001231143,
1557,RNGJ.J,0.0,1997-12-31T00:00:00Z,,
1558,RNGJ.J,0.0,1997-12-31T00:00:00Z,,
1559,RNGJ.J,0.0,1997-06-30T00:00:00Z,,
1560,RNGJ.J,0.0,1998-03-31T00:00:00Z,,
1561,RNGJ.J,2.31,1997-12-31T00:00:00Z,,
1562,RNGJ.J,1.32,1997-12-31T00:00:00Z,,
1563,RNGJ.J,0.73,1997-12-31T00:00:00Z,,
1564,RNGJ.J,0.03,1997-12-31T00:00:00Z,5001231143,
1565,RNGJ.J,0.0,1997-12-31T00:00:00Z,,
1566,RNGJ.J,0.0,1997-12-31T00:00:00Z,,
1567,RNGJ.J,0.0,1997-06-30T00:00:00Z,,
1568,RNGJ.J,,,,
1569,RNGJ.J,,,,
1570,RNGJ.J,,,,
1571,RNGJ.J,,,,
1572,RNGJ.J,,,,
1573,ROYALEX.LG,,,,Nigeria
1574,RTBRISC.LG,,,,Nigeria
1575,RTG.ZI,,,,Zimbabwe
1576,RTOJ.J,71.74,1998-08-03T00:00:00Z,4295888581,South Africa
1577,RTOJ.J,2.04,1998-08-03T00:00:00Z,5000854298,
1578,RTOJ.J,1.91,1998-08-03T00:00:00Z,4296667984,
1579,RTOJ.J,71.1,1997-01-31T00:00:00Z,4295888581,
1580,RTOJ.J,,,,
1581,RTOJ.J,,,,
1582,SACJ.J,0.0,1997-09-30T00:00:00Z,,South Africa
1583,SACJ.J,0.0,1998-12-31T00:00:00Z,,
1584,SACJ.J,0.0,1997-09-30T00:00:00Z,,
1585,SACJ.J,,,,
1586,SAPJ.J,32.8127,1998-08-03T00:00:00Z,5000854298,South Africa
1587,SAPJ.J,11.5181,1998-08-03T00:00:00Z,5001449709,
1588,SAPJ.J,6.71,1998-08-03T00:00:00Z,4297902883,
1589,SAPJ.J,3.7396,1998-08-03T00:00:00Z,5035492090,
1590,SAPJ.J,1.2181,1998-08-03T00:00:00Z,48471683257,
1591,SAPJ.J,0.1339,1998-03-31T00:00:00Z,,
1592,SAPJ.J,0.079,1998-06-30T00:00:00Z,,
1593,SAPJ.J,0.085,1997-03-31T00:00:00Z,5000067095,
1594,SAPJ.J,0.0592,1998-12-31T00:00:00Z,4296293277,
1595,SAPJ.J,0.0246,1998-12-31T00:00:00Z,4298409344,
1596,SAPJ.J,0.004,1998-12-31T00:00:00Z,,
1597,SAPJ.J,0.0,1998-06-30T00:00:00Z,,
1598,SAPJ.J,0.0,1997-12-31T00:00:00Z,,
1599,SAPJ.J,0.0,1997-12-31T00:00:00Z,,
1600,SAPJ.J,0.0,1998-06-30T00:00:00Z,5000001140,
1601,SAPJ.J,0.0,1997-12-31T00:00:00Z,,
1602,SAPJ.J,0.0,1998-12-31T00:00:00Z,5000052202,
1603,SAPJ.J,0.5026,1997-12-31T00:00:00Z,,
1604,SAPJ.J,0.111,1997-12-31T00:00:00Z,,
1605,SAPJ.J,0.085,1997-03-31T00:00:00Z,5000067095,
1606,SAPJ.J,0.0695,1997-06-30T00:00:00Z,4298409344,
1607,SAPJ.J,0.0303,1997-03-31T00:00:00Z,5000001140,
1608,SAPJ.J,0.0236,1997-12-31T00:00:00Z,4296293277,
1609,SAPJ.J,0.002,1997-12-31T00:00:00Z,,
1610,SAPJ.J,0.0,1997-12-31T00:00:00Z,,
1611,SAPJ.J,0.0,1997-12-31T00:00:00Z,,
1612,SAPJ.J,0.0,1997-12-31T00:00:00Z,,
1613,SAPJ.J,,,,
1614,SAPJ.J,,,,
1615,SAPJ.J,,,,
1616,SAPJ.J,,,,
1617,SAPJ.J,,,,
1618,SAPJ.J,,,,
1619,SAPJ.J,,,,
1620,SASN.NR,1.2234,1998-12-31T00:00:00Z,5000706029,Kenya
1621,SASN.NR,1.8547,1997-06-30T00:00:00Z,5000706029,
1622,SBKJ.J,1.3279,1998-08-17T00:00:00Z,5000854298,South Africa
1623,SBKJ.J,0.7884,1998-08-17T00:00:00Z,4297902883,
1624,SBKJ.J,0.2276,1998-12-31T00:00:00Z,4295888391,
1625,SBKJ.J,0.0111,1998-06-30T00:00:00Z,,
1626,SBKJ.J,0.0004,1998-12-31T00:00:00Z,,
1627,SBKJ.J,0.0001,1998-12-31T00:00:00Z,5000064072,
1628,SBKJ.J,0.0,1998-12-31T00:00:00Z,5000052202,
1629,SBKJ.J,0.0004,1997-12-31T00:00:00Z,,
1630,SBKJ.J,0.0002,1997-12-31T00:00:00Z,,
1631,SBKJ.J,,,,
1632,SBKJ.J,,,,
1633,SBKJ.J,,,,
1634,SBKJ.J,,,,
1635,SBKJ.J,,,,
1636,SCB.GH,0.0,1998-12-31T00:00:00Z,5000706029,United Kingdom
1637,SCB.GH,0.6035,1997-06-30T00:00:00Z,5000706029,
1638,SCBK.NR,,,,United Kingdom
1639,SCAN.NR,,,,United Kingdom
1640,SCOA.LG,,,,Nigeria
1641,SECH.BT,0.6014,1997-03-31T00:00:00Z,,Botswana
1642,SECH.BT,0.0,1998-12-31T00:00:00Z,5000706029,
1643,SECH.BT,0.0,1998-03-31T00:00:00Z,,
1644,SECH.BT,0.6014,1997-03-31T00:00:00Z,,
1645,SECH.BT,0.0752,1997-12-31T00:00:00Z,,
1646,SECH.BT,,,,
1647,SEED.ZI,,,,Zimbabwe
1648,SEFA.BT,0.0,1998-06-30T00:00:00Z,5000706029,Botswana
1649,SEFA.BT,0.3125,1997-06-30T00:00:00Z,5000706029,
1650,EMHJ.J,34.59,1998-08-03T00:00:00Z,5055410154,South Africa
1651,EMHJ.J,4.36,1998-08-03T00:00:00Z,5043428434,
1652,EMHJ.J,2.08,1998-08-03T00:00:00Z,,
1653,EMHJ.J,1.11,1998-08-03T00:00:00Z,,
1654,EMHJ.J,0.0,1997-12-31T00:00:00Z,,
1655,EMHJ.J,0.0,1997-12-31T00:00:00Z,,
1656,EMHJ.J,,,,
1657,EMHJ.J,,,,
1658,EMHJ.J,,,,
1659,EMHJ.J,,,,
1660,SHPJ.J,4.5,1998-08-03T00:00:00Z,5000854298,South Africa
1661,SHPJ.J,2.03,1998-08-03T00:00:00Z,4297902883,
1662,SHPJ.J,0.0035,1998-12-31T00:00:00Z,,
1663,SHPJ.J,0.0032,1998-06-30T00:00:00Z,,
1664,SHPJ.J,0.0,1997-12-31T00:00:00Z,,
1665,SHPJ.J,0.0045,1997-12-31T00:00:00Z,,
1666,SHPJ.J,0.0018,1997-12-31T00:00:00Z,,
1667,SHPJ.J,0.0,1997-12-31T00:00:00Z,,
1668,SHPJ.J,,,,
1669,SHPJ.J,,,,
1670,SIC.GH,,,,Ghana
1671,GLAXOSM.LG,,,,United Kingdom
1672,AEEJ.J,,,,South Africa
1673,SLMJ.J,0.2,1998-12-31T00:00:00Z,5000051932,South Africa
1674,SLMJ.J,0.11,1998-12-31T00:00:00Z,,
1675,SLMJ.J,0.03,1998-12-31T00:00:00Z,,
1676,SLMJ.J,0.01,1998-12-31T00:00:00Z,,
1677,SLMJ.J,0.0,1998-12-31T00:00:00Z,,
1678,SLMJ.J,0.0,1998-12-31T00:00:00Z,,
1679,SLMJ.J,,,,
1680,SLMJ.J,,,,
1681,SLMJ.J,,,,
1682,SLMJ.J,,,,
1683,SLMJ.J,,,,
1684,SLMJ.J,,,,
1685,SMURFIT.LG,,,,Nigeria
1686,SGL.NR,,,,United Kingdom
1687,SNTJ.J,18.28,1998-08-03T00:00:00Z,5000854298,South Africa
1688,SNTJ.J,17.34,1998-08-03T00:00:00Z,4297902883,
1689,SNTJ.J,2.84,1998-06-30T00:00:00Z,,
1690,SNTJ.J,0.01,1998-12-31T00:00:00Z,,
1691,SNTJ.J,0.0,1998-06-30T00:00:00Z,,
1692,SNTJ.J,0.41,1997-12-31T00:00:00Z,,
1693,SNTJ.J,0.01,1997-12-31T00:00:00Z,,
1694,SNTJ.J,0.0018,1997-12-31T00:00:00Z,,
1695,SNTJ.J,,,,
1696,SNTJ.J,,,,
1697,SNVJ.J,,,,South Africa
1698,SOHJ.J,,,,South Africa
1699,SOLJ.J,39.5023,1998-08-28T00:00:00Z,5000854298,South Africa
1700,SOLJ.J,8.0496,1998-08-28T00:00:00Z,4297902883,
1701,SOLJ.J,0.2241,1998-12-31T00:00:00Z,,
1702,SOLJ.J,0.2095,1998-06-30T00:00:00Z,,
1703,SOLJ.J,0.1062,1998-03-31T00:00:00Z,,
1704,SOLJ.J,0.1004,1998-12-31T00:00:00Z,4298409344,
1705,SOLJ.J,0.0322,1998-12-31T00:00:00Z,,
1706,SOLJ.J,0.0231,1998-09-30T00:00:00Z,,
1707,SOLJ.J,0.0221,1998-12-31T00:00:00Z,4296293277,
1708,SOLJ.J,0.0135,1998-12-31T00:00:00Z,,
1709,SOLJ.J,0.0134,1998-12-31T00:00:00Z,,
1710,SOLJ.J,0.0067,1998-12-31T00:00:00Z,5000071982,
1711,SOLJ.J,0.0046,1998-12-31T00:00:00Z,,
1712,SOLJ.J,0.004,1998-12-31T00:00:00Z,,
1713,SOLJ.J,0.0028,1998-12-31T00:00:00Z,5000036827,
1714,SOLJ.J,0.0012,1998-06-30T00:00:00Z,5001224632,
1715,SOLJ.J,0.0,1998-12-31T00:00:00Z,,
1716,SOLJ.J,0.0,1998-12-31T00:00:00Z,,
1717,SOLJ.J,0.0,1998-06-30T00:00:00Z,5000001140,
1718,SOLJ.J,0.0,1997-09-30T00:00:00Z,,
1719,SOLJ.J,0.0,1998-12-31T00:00:00Z,5000064072,
1720,SOLJ.J,0.0,1998-12-31T00:00:00Z,5000052202,
1721,SOLJ.J,0.0,1998-03-31T00:00:00Z,,
1722,SOLJ.J,0.0661,1997-12-31T00:00:00Z,,
1723,SOLJ.J,0.038,1997-12-31T00:00:00Z,,
1724,SOLJ.J,0.0355,1997-12-31T00:00:00Z,,
1725,SOLJ.J,0.0281,1997-06-30T00:00:00Z,4298409344,
1726,SOLJ.J,0.0227,1997-12-31T00:00:00Z,,
1727,SOLJ.J,0.0167,1997-03-31T00:00:00Z,5000001140,
1728,SOLJ.J,0.0116,1997-12-31T00:00:00Z,,
1729,SOLJ.J,0.0067,1997-12-31T00:00:00Z,5000071982,
1730,SOLJ.J,0.0066,1997-12-31T00:00:00Z,,
1731,SOLJ.J,0.0051,1997-12-31T00:00:00Z,5000064072,
1732,SOLJ.J,0.005,1997-12-31T00:00:00Z,4296293277,
1733,SOLJ.J,0.0041,1997-12-31T00:00:00Z,,
1734,SOLJ.J,0.0036,1997-12-31T00:00:00Z,,
1735,SOLJ.J,0.0012,1997-12-31T00:00:00Z,5001224632,
1736,SOLJ.J,0.0,1997-09-30T00:00:00Z,,
1737,SOLJ.J,,,,
1738,SOLJ.J,,,,
1739,SOLJ.J,,,,
1740,SOLJ.J,,,,
1741,SOLJ.J,,,,
1742,SOLJ.J,,,,
1743,SOLJ.J,,,,
1744,SOLJ.J,,,,
1745,SOVRENI.LG,,,,Nigeria
1746,SPGJ.J,21.35,1998-08-03T00:00:00Z,5000854298,South Africa
1747,SPGJ.J,6.38,1998-08-03T00:00:00Z,,
1748,SPGJ.J,5.13,1998-08-03T00:00:00Z,,
1749,SPGJ.J,3.6,1998-08-03T00:00:00Z,4297902883,
1750,SPGJ.J,3.13,1998-08-03T00:00:00Z,,
1751,SPGJ.J,1.44,1998-08-03T00:00:00Z,5055411601,
1752,SPGJ.J,1.32,1998-08-03T00:00:00Z,5043455375,
1753,SPGJ.J,0.44,1998-03-31T00:00:00Z,,
1754,SPGJ.J,0.33,1998-06-30T00:00:00Z,,
1755,SPGJ.J,0.05,1998-12-31T00:00:00Z,,
1756,SPGJ.J,,,,
1757,SPGJ.J,,,,
1758,SPGJ.J,,,,
1759,SPGJ.J,,,,
1760,SPGJ.J,,,,
1761,SPGJ.J,,,,
1762,SPGJ.J,,,,
1763,SPGJ.J,,,,
1764,SPGJ.J,,,,
1765,SPGJ.J,,,,
1766,SPL.GH,,,,Ghana
1767,SPPJ.J,,,,South Africa
1768,ACI.GH,,,,Ghana
1769,SOGEGH.GH,0.9657,1998-12-31T00:00:00Z,5001449043,France
1770,SOGEGH.GH,0.0,1998-12-31T00:00:00Z,5000706029,
1771,SOGEGH.GH,1.765,1997-06-30T00:00:00Z,5000706029,
1772,SOGEGH.GH,,,,
1773,STD.BT,0.0,1998-12-31T00:00:00Z,5000706029,United Kingdom
1774,STD.BT,0.0045,1997-06-30T00:00:00Z,5000706029,
1775,STDINSU.LG,,,,Nigeria
1776,STERLNB.LG,,,,Nigeria
1777,STOKVIS.LG,,,,Nigeria
1778,STX40J.J,,,,
1779,STXFINJ.J,,,,
1780,STXDIVJ.J,,,,
1781,STXINDJ.J,,,,
1782,STXRESJ.J,,,,
1783,STXSWXJ.J,,,,
1784,SUIJ.J,12.34,1998-07-01T00:00:00Z,5000854298,South Africa
1785,SUIJ.J,1.13,1998-07-01T00:00:00Z,4297902883,
1786,SUIJ.J,1.0293,1998-06-30T00:00:00Z,,
1787,SUIJ.J,0.0067,1998-12-31T00:00:00Z,,
1788,SUIJ.J,0.0,1998-06-30T00:00:00Z,5000001140,
1789,SUIJ.J,0.0,1997-09-30T00:00:00Z,,
1790,SUIJ.J,0.0712,1997-03-31T00:00:00Z,5000001140,
1791,SUIJ.J,0.0036,1997-12-31T00:00:00Z,,
1792,SUIJ.J,0.0018,1997-12-31T00:00:00Z,,
1793,SUIJ.J,0.0,1997-09-30T00:00:00Z,,
1794,SUIJ.J,,,,
1795,SUIJ.J,,,,
1796,SWL.GH,,,,Ghana
1797,LUXJ.J,,,,South Africa
1798,TBSJ.J,13.7719,1998-08-17T00:00:00Z,5000854298,South Africa
1799,TBSJ.J,7.8257,1998-08-17T00:00:00Z,4297902883,
1800,TBSJ.J,0.3117,1997-03-31T00:00:00Z,,
1801,TBSJ.J,0.1194,1998-03-31T00:00:00Z,,
1802,TBSJ.J,0.0324,1998-06-30T00:00:00Z,,
1803,TBSJ.J,0.0032,1998-12-31T00:00:00Z,,
1804,TBSJ.J,0.0,1998-03-31T00:00:00Z,4298409344,
1805,TBSJ.J,0.3117,1997-03-31T00:00:00Z,,
1806,TBSJ.J,0.0308,1997-06-30T00:00:00Z,4298409344,
1807,TBSJ.J,0.0042,1997-12-31T00:00:00Z,,
1808,TBSJ.J,0.002,1997-12-31T00:00:00Z,,
1809,TBSJ.J,,,,
1810,TBSJ.J,,,,
1811,TBSJ.J,,,,
1812,TDHJ.J,,,,South Africa
1813,CHEVRON.LG,,,,Nigeria
1814,THOMASW.LG,,,,Nigeria
1815,TKGJ.J,,,,South Africa
1816,TLMJ.J,,,,South Africa
1817,TMTJ.J,41.184,1998-08-03T00:00:00Z,5000854298,South Africa
1818,TMTJ.J,12.4176,1998-08-03T00:00:00Z,4297902883,
1819,TMTJ.J,6.8857,1998-12-31T00:00:00Z,4298409344,
1820,TMTJ.J,5.5619,1998-06-30T00:00:00Z,,
1821,TMTJ.J,4.9504,1998-08-03T00:00:00Z,,
1822,TMTJ.J,4.7619,1998-12-31T00:00:00Z,,
1823,TMTJ.J,0.0,1998-12-31T00:00:00Z,,
1824,TMTJ.J,,,,
1825,TMTJ.J,,,,
1826,TMTJ.J,,,,
1827,TMTJ.J,,,,
1828,TMTJ.J,,,,
1829,TMTJ.J,,,,
1830,TMTJ.J,,,,
1831,TONJ.J,11.1844,1998-08-03T00:00:00Z,5000854298,South Africa
1832,TONJ.J,7.9835,1998-08-03T00:00:00Z,4297902883,
1833,TONJ.J,1.3384,1998-08-03T00:00:00Z,4295889079,
1834,TONJ.J,0.4012,1998-06-30T00:00:00Z,,
1835,TONJ.J,0.3049,1998-12-31T00:00:00Z,4298409344,
1836,TONJ.J,0.0033,1998-12-31T00:00:00Z,,
1837,TONJ.J,0.0,1998-12-31T00:00:00Z,5000052202,
1838,TONJ.J,0.098,1997-06-30T00:00:00Z,4298409344,
1839,TONJ.J,0.0037,1997-12-31T00:00:00Z,,
1840,TONJ.J,0.0016,1997-12-31T00:00:00Z,,
1841,TONJ.J,,,,
1842,TONJ.J,,,,
1843,TONJ.J,,,,
1844,TONJ.J,,,,
1845,TOTAL.LG,,,,France
1846,TOTL.NR,,,,France
1847,TOURIST.LG,,,,South Africa
1848,TPCJ.J,35.1224,1998-08-03T00:00:00Z,5000854298,South Africa
1849,TPCJ.J,26.9504,1998-08-03T00:00:00Z,34413313114,
1850,TPCJ.J,17.9528,1998-08-03T00:00:00Z,5035505784,
1851,TPCJ.J,12.5755,1998-08-03T00:00:00Z,,
1852,TPCJ.J,8.9341,1998-08-03T00:00:00Z,4297902883,
1853,TPCJ.J,8.5318,1998-08-03T00:00:00Z,,
1854,TPCJ.J,3.0105,1998-12-31T00:00:00Z,,
1855,TPCJ.J,3.3238,1998-08-03T00:00:00Z,,
1856,TPCJ.J,1.4184,1998-08-03T00:00:00Z,,
1857,TPCJ.J,86.2381,1997-01-31T00:00:00Z,5035505784,
1858,TPCJ.J,,,,
1859,TPCJ.J,,,,
1860,TPCJ.J,,,,
1861,TPCJ.J,,,,
1862,TPCJ.J,,,,
1863,TPCJ.J,,,,
1864,TPCJ.J,,,,
1865,TPCJ.J,,,,
1866,TPSE.NR,,,,Kenya
1867,TRANSCO.LG,,,,Nigeria
1868,TRANSEX.LG,,,,Nigeria
1869,TRIPPLE.LG,,,,Nigeria
1870,TRUW.ZI,,,,South Africa
1871,TRUJ.J,8.618,1998-08-03T00:00:00Z,5000854298,South Africa
1872,TRUJ.J,7.5582,1998-08-03T00:00:00Z,4297902883,
1873,TRUJ.J,0.0008,1998-12-31T00:00:00Z,,
1874,TRUJ.J,,,,
1875,TRUJ.J,,,,
1876,TRUJ.J,,,,
1877,TRANSOL.GH,,,,Ghana
1878,TSL.ZI,,,,Zimbabwe
1879,TURN.ZI,,,,Zimbabwe
1880,UPDC.LG,,,,Nigeria
1881,UACN.LG,,,,Nigeria
1882,UBA.LG,,,,Nigeria
1883,UBN.LG,,,,Nigeria
1884,UNGA.NR,,,,
1885,UNHOMES.LG,,,,Nigeria
1886,UNIL.GH,0.68,1998-12-31T00:00:00Z,5000706029,United Kingdom
1887,UNIL.GH,0.2504,1998-12-31T00:00:00Z,5001449043,
1888,UNIL.GH,0.8,1997-06-30T00:00:00Z,5000706029,
1889,UNIL.GH,,,,
1890,UNIONDI.LG,,,,Nigeria
1891,OANDO.LG,,,,Nigeria
1892,UNTL.LG,,,,Nigeria
1893,UPL.LG,,,,Nigeria
1894,UTC.LG,0.0,1998-12-31T00:00:00Z,5000706029,Nigeria
1895,UTC.LG,,,,
1896,VANLEER.LG,,,,United States
1897,REA.NR,,,,Kenya
1898,VITAFOA.LG,,,,Nigeria
1899,VKEJ.J,,,,South Africa
1900,VONO.LG,,,,Nigeria
1901,VUNJ.J,,,,South Africa
1902,HCCL.ZI,29.18,1998-08-03T00:00:00Z,5000854298,Zimbabwe
1903,HCCL.ZI,1.42,1998-05-04T00:00:00Z,,
1904,HCCL.ZI,1.42,1998-05-04T00:00:00Z,,
1905,HCCL.ZI,1.08,1998-05-04T00:00:00Z,,
1906,HCCL.ZI,1.0,1998-05-04T00:00:00Z,,
1907,HCCL.ZI,0.0,1997-06-30T00:00:00Z,,
1908,HCCL.ZI,0.0,1997-06-30T00:00:00Z,,
1909,HCCL.ZI,,,,
1910,HCCL.ZI,,,,
1911,HCCL.ZI,,,,
1912,HCCL.ZI,,,,
1913,HCCL.ZI,,,,
1914,WAPIC.LG,,,,Nigeria
1915,WAPCO.LG,,,,Switzerland
1916,WBOJ.J,12.02,1998-08-03T00:00:00Z,5055419173,South Africa
1917,WBOJ.J,6.8,1998-08-03T00:00:00Z,5000854298,
1918,WBOJ.J,3.33,1998-08-03T00:00:00Z,4297902883,
1919,WBOJ.J,2.84,1998-08-03T00:00:00Z,,
1920,WBOJ.J,2.16,1998-08-03T00:00:00Z,,
1921,WBOJ.J,1.95,1998-08-03T00:00:00Z,,
1922,WBOJ.J,1.65,1998-08-03T00:00:00Z,,
1923,WBOJ.J,1.62,1998-08-03T00:00:00Z,,
1924,WBOJ.J,1.52,1998-08-03T00:00:00Z,,
1925,WBOJ.J,1.46,1998-08-03T00:00:00Z,,
1926,WBOJ.J,1.23,1998-08-03T00:00:00Z,5001196246,
1927,WBOJ.J,1.22,1998-08-03T00:00:00Z,,
1928,WBOJ.J,1.09,1998-08-03T00:00:00Z,34413345692,
1929,WBOJ.J,,,,
1930,WBOJ.J,,,,
1931,WBOJ.J,,,,
1932,WBOJ.J,,,,
1933,WBOJ.J,,,,
1934,WBOJ.J,,,,
1935,WBOJ.J,,,,
1936,WBOJ.J,,,,
1937,WBOJ.J,,,,
1938,WBOJ.J,,,,
1939,WBOJ.J,,,,
1940,WBOJ.J,,,,
1941,WBOJ.J,,,,
1942,WEAJ.J,,,,South Africa
1943,WEMABAN.LG,,,,Nigeria
1944,WHLJ.J,12.7018,1998-08-03T00:00:00Z,5000854298,South Africa
1945,WHLJ.J,5.4018,1998-08-03T00:00:00Z,4297902883,
1946,WHLJ.J,1.0199,1998-08-03T00:00:00Z,5001446208,
1947,WHLJ.J,0.2683,1998-12-31T00:00:00Z,,
1948,WHLJ.J,0.0848,1998-03-31T00:00:00Z,,
1949,WHLJ.J,0.0025,1998-06-30T00:00:00Z,,
1950,WHLJ.J,0.0017,1998-12-31T00:00:00Z,,
1951,WHLJ.J,0.0,1998-12-31T00:00:00Z,,
1952,WHLJ.J,0.5056,1997-12-31T00:00:00Z,,
1953,WHLJ.J,0.0542,1997-12-31T00:00:00Z,,
1954,WHLJ.J,0.0029,1997-12-31T00:00:00Z,,
1955,WHLJ.J,,,,
1956,WHLJ.J,,,,
1957,WHLJ.J,,,,
1958,WHLJ.J,,,,
1959,WHLJ.J,,,,
1960,WILD.ZI,,,,Zimbabwe
1961,WKFJ.J,,,,South Africa
1962,PBGJ.J,14.6879,1998-08-03T00:00:00Z,5000854298,South Africa
1963,PBGJ.J,10.6853,1998-08-03T00:00:00Z,4297902883,
1964,PBGJ.J,1.2733,1998-12-31T00:00:00Z,,
1965,PBGJ.J,0.0034,1998-06-30T00:00:00Z,,
1966,PBGJ.J,0.0018,1998-12-31T00:00:00Z,,
1967,PBGJ.J,0.0,1998-03-31T00:00:00Z,,
1968,PBGJ.J,0.397,1997-12-31T00:00:00Z,,
1969,PBGJ.J,0.0042,1997-12-31T00:00:00Z,,
1970,PBGJ.J,0.0018,1997-12-31T00:00:00Z,,
1971,PBGJ.J,,,,
1972,PBGJ.J,,,,
1973,PBGJ.J,,,,
1974,SLGJ.J,,,,South Africa
1975,WTK.NR,,,,
1976,YRKJ.J,1.1699,1998-08-03T00:00:00Z,,South Africa
1977,YRKJ.J,1.1299,1998-08-03T00:00:00Z,,
1978,YRKJ.J,,,,
1979,YRKJ.J,,,,
1980,ZEDJ.J,,,,South Africa
1981,ZENITHB.LG,,,,Nigeria
1982,ASUN.ZI,,,,Mauritius
1983,ZIMP.ZI,,,,Zimbabwe
1984,ZIMW.ZI,,,,Zimbabwe
1985,ORY.NM,,,,Namibia
1986,ZMFA.LZ,,,,South Africa
1987,GOLDBRE.LG,,,,Nigeria
1988,NIGSEWI.LG,,,,Nigeria
1989,UDEOFSO.LG,,,,Nigeria
1990,WAAP.LG,,,,Nigeria
1991,EDGR.ZI,,,,South Africa
1992,ABC.MZ,,,,Mauritius
1993,MSIL.MZ,,,,Mauritius
1994,PCCL.MZ,,,,Mauritius
1995,TBL.TZ,,,,Belgium
1996,TCC.TZ,,,,Japan
1997,BATA.LZ,,,,Netherlands
1998,SLBC.CI,0.08,1998-12-31T00:00:00Z,5000706029,France
1999,SLBC.CI,0.1,1997-06-30T00:00:00Z,5000706029,
2000,UCHM.NR,,,,Kenya
2001,PHIN.MZ,,,,Mauritius
2002,UBS.MZ,,,,Mauritius
2003,SOGC.CI,,,,Luxembourg
2004,UTIN.MZ,,,,Mauritius
2005,MUAL.MZ,,,,Mauritius
2006,SWAN.MZ,,,,Mauritius
2007,MBL.MZ,0.0,1998-06-30T00:00:00Z,5000706029,Mauritius
2008,MBL.MZ,0.12,1997-06-30T00:00:00Z,5000706029,
2009,MCFI.MZ,,,,
2010,MOR.MZ,,,,Mauritius
2011,PIM.MZ,,,,Mauritius
2012,UBP.MZ,,,,Mauritius
2013,BMHL.MZ,,,,Mauritius
2014,FINC.MZ,,,,Mauritius
2015,MDIT.MZ,,,,Mauritius
2016,NITL.MZ,,,,Mauritius
2017,POL.MZ,,,,Mauritius
2018,UTDL.MZ,,,,Mauritius
2019,HML.MZ,,,,
2020,SHEL.MZ,,,,Mauritius
2021,ASL.MZ,,,,Mauritius
2022,GCL.MZ,,,,Mauritius
2023,EABL.NR,0.8629,1998-12-31T00:00:00Z,5000706029,United Kingdom
2024,EABL.NR,0.7404,1997-06-30T00:00:00Z,5000706029,
2025,HWF.MZ,0.0,1998-12-31T00:00:00Z,5000706029,Mauritius
2026,HWF.MZ,0.4873,1997-06-30T00:00:00Z,5000706029,
2027,PAD.MZ,0.4941,1998-12-31T00:00:00Z,5000706029,Mauritius
2028,PAD.MZ,0.5765,1997-06-30T00:00:00Z,5000706029,
2029,SNTS.CI,0.145,1998-12-31T00:00:00Z,5000706029,Senegal
2030,SNTS.CI,,,,
2031,MTMD.MZ,,,,
2032,MCBG.MZ,0.2111,1998-12-31T00:00:00Z,5000706029,Mauritius
2033,MCBG.MZ,0.0772,1997-06-30T00:00:00Z,5000706029,
2034,NMHL.MZ,0.1574,1998-12-31T00:00:00Z,5000706029,Mauritius
2035,NMHL.MZ,0.1,1997-06-30T00:00:00Z,5000706029,
2036,ROGE.MZ,0.0,1998-12-31T00:00:00Z,5000706029,
2037,ROGE.MZ,0.3571,1997-06-30T00:00:00Z,5000706029,
2038,SBMH.MZ,0.31,1998-12-31T00:00:00Z,5000706029,Mauritius
2039,SBMH.MZ,0.19,1997-06-30T00:00:00Z,5000706029,
2040,SUN.MZ,0.1005,1998-12-31T00:00:00Z,5000706029,Mauritius
2041,SUN.MZ,0.0591,1997-06-30T00:00:00Z,5000706029,
2042,NBS.NM,,,,Namibia
2043,NAM.NM,,,,Namibia
2044,INVE.LZ,,,,Zambia
2045,FNB.NM,0.04,1998-12-31T00:00:00Z,4298409344,South Africa
2046,FNB.NM,,,,
2047,ZMBF.LZ,,,,Zambia
2048,BOBU.UG,,,,India
2049,FIDE.MZ,,,,Mauritius
2050,CAUD.MZ,,,,Mauritius
2051,BATU.UG,,,,United Kingdom
2052,PUMA.LZ,,,,Curacao
2053,NATB.LZ,,,,Zimbabwe
2054,PMDZ.LZ,,,,India
2055,SCBL.LZ,,,,United Kingdom
2056,FORT.MZ^A23,,,,Mauritius
2057,CIEL.MZ,,,,Mauritius
2058,BNBC.CI,1.926,1998-12-31T00:00:00Z,5000706029,British Virgin Islands
2059,BNBC.CI,2.2281,1997-06-30T00:00:00Z,5000706029,
2060,UNLC.CI,0.2265,1998-12-31T00:00:00Z,5000706029,United Kingdom
2061,UNLC.CI,0.2265,1997-06-30T00:00:00Z,5000706029,
2062,CFAC.CI,,,,Japan
2063,ABJC.CI,,,,France
2064,NEIC.CI,,,,Ivory Coast
2065,BOAB.CI,,,,Morocco
2066,PALC.CI,,,,Ivory Coast
2067,SIVC.CI,,,,France
2068,NICO.MV,,,,Malawi
2069,BOAN.CI,,,,Morocco
2070,SAFC.CI,,,,France
2071,SDSC.CI,,,,France
2072,STAC.CI,,,,France
2073,SHEC.CI,,,,United Kingdom
2074,SVOC.CI,,,,France
2075,CABC.CI,0.0,1998-06-30T00:00:00Z,5000706029,Italy
2076,CABC.CI,0.0486,1997-06-30T00:00:00Z,5000706029,
2077,SDCC.CI,0.2888,1998-12-31T00:00:00Z,5000706029,Ivory Coast
2078,SDCC.CI,0.2267,1997-06-30T00:00:00Z,5000706029,
2079,SICC.CI,,,,Ivory Coast
2080,UNXC.CI,0.44,1998-12-31T00:00:00Z,5000706029,Ivory Coast
2081,UNXC.CI,0.28,1997-06-30T00:00:00Z,5000706029,
2082,MOLI.MZ,,,,United States
2083,ARTD.ZI,,,,Zimbabwe
2084,UCL.UG,,,,Uganda
2085,REIZ.LZ,,,,Zambia
2086,TURN.BT,,,,Botswana
2087,NRL.MZ,,,,Mauritius
2088,FTSC.CI,0.06,1998-12-31T00:00:00Z,5000706029,Ivory Coast
2089,FTSC.CI,0.02,1997-06-30T00:00:00Z,5000706029,
2090,CECZ.LZ,,,,Zambia
2091,ZABR.LZ,,,,Belgium
2092,ZSUG.LZ,,,,United Kingdom
2093,STBC.CI,0.0,1998-12-31T00:00:00Z,5000706029,United Kingdom
2094,STBC.CI,0.7208,1997-06-30T00:00:00Z,5000706029,
2095,CHIL.LZ,,,,Switzerland
2096,NTLC.CI,0.3114,1998-12-31T00:00:00Z,5000706029,Switzerland
2097,NTLC.CI,0.3128,1997-06-30T00:00:00Z,5000706029,
2098,CIEC.CI,0.2001,1998-12-31T00:00:00Z,5000706029,United States
2099,CIEC.CI,0.2083,1997-06-30T00:00:00Z,5000706029,
2100,BICC.CI,0.5399,1998-12-31T00:00:00Z,5000706029,France
2101,BICC.CI,0.4199,1997-06-30T00:00:00Z,5000706029,
2102,TTLC.CI,,,,France
2103,MSE.MZ,,,,Mauritius
2104,SPHC.CI,,,,Ivory Coast
2105,PRSC.CI,,,,Morocco
2106,DFCU.UG,,,,Netherlands
2107,NVL.UG,,,,Uganda
2108,SWIS.TZ,,,,Switzerland
2109,TUC.NM,,,,Namibia
2110,COVI.MZ,,,,Mauritius
2111,TPL.MZ,,,,Mauritius
2112,SAIL.MZ,,,,
2113,AELZ.LZ,,,,South Africa
2114,PCL.MV,,,,Malawi
2115,ANGM.MZ,,,,Mauritius
2116,BLL.MZ,,,,Mauritius
2117,QBL.MZ,,,,
2118,RHT.MZ,,,,Mauritius
2119,EUDC.MZ,,,,Mauritius
2120,SBC.MV,,,,South Africa
2121,BHL.MV,,,,Malawi
2122,NBM.MV,,,,Malawi
2123,TOL.TZ,,,,Tanzania
2124,GIL.MZ,,,,Mauritius
2125,LFL.MZ,,,,Mauritius
2126,MCOS.MZ,,,,Mauritius
2127,LMLC.MZ,,,,Mauritius
2128,CHSL.MZ,,,,Mauritius
2129,CIMO.MZ,,,,Mauritius
2130,SCT.MZ,,,,
2131,HTLS.MZ,,,,Mauritius
2132,MASC.MZ,,,,Mauritius
2133,ACC.MZ,,,,Mauritius
2134,ALTG.MZ,,,,Mauritius
2135,SBU.UG,,,,South Africa
2136,ZPI.ZI,,,,Zimbabwe
2137,ZECO.ZI,,,,Zimbabwe
2138,DCPL.MZ,,,,Mauritius
2139,ABCTRAN.LG,,,,Nigeria
2140,ASOSAVI.LG,,,,Nigeria
2141,CHIPLC.LG,,,,Nigeria
2142,DEAPCAP.LG,,,,Nigeria
2143,SUNUASSUR.LG,,,,Nigeria
2144,ENAMELW.LG,,,,Nigeria
2145,GOLDINS.LG,,,,Nigeria
2146,INTENEG.LG,,,,Nigeria
2147,NSLTECH.LG,,,,Nigeria
2148,PLATINU.LG,,,,Nigeria
2149,REDSTAR.LG,,,,Nigeria
2150,SFSREIT.LG,,,,Nigeria
2151,STACO.LG,,,,Nigeria
2152,UNITYBN.LG,,,,Nigeria
2153,UNIVINS.LG,,,,Nigeria
2154,CLIJ.J,,,,South Africa
2155,REGALIN.LG,,,,Nigeria
2156,GPLJ.J,,,,South Africa
2157,SCOM.NR,,,,Kenya
2158,ATEL.LZ,,,,India
2159,FIDSON.LG,,,,Nigeria
2160,GWEB.GH,,,,Ghana
2161,OMATEK.LG,,,,Nigeria
2162,GIVISAJ.J,,,,
2163,BIGTREA.LG,,,,Nigeria
2164,TANTALI.LG,,,,Nigeria
2165,STARCOM.LG,,,,Nigeria
2166,FTNCOCO.LG,,,,Nigeria
2167,OCCL.BT,,,,Kenya
2168,SGBC.CI,,,,France
2169,AIPJ.J,,,,South Africa
2170,CAPHOTE.LG,,,,Nigeria
2171,FBC.ZI,,,,Zimbabwe
2172,SSKJ.J,,,,South Africa
2173,CHAMS.LG,,,,Nigeria
2174,DAARCOM.LG,,,,Nigeria
2175,STXRAFJ.J,,,,
2176,MULTIVE.LG,,,,Nigeria
2177,FNBT40J.J,,,,
2178,ZGOVIJ.J^A14,,,,
2179,ZNCO.LZ,,,,Netherlands
2180,ABBEYBD.LG,,,,Nigeria
2181,NEWFSAJ.J^L19,,,,
2182,EELJ.J,16.7,1998-08-05T00:00:00Z,5035500422,South Africa
2183,EELJ.J,12.52,1998-08-05T00:00:00Z,5043432367,
2184,EELJ.J,4.18,1998-08-05T00:00:00Z,,
2185,EELJ.J,0.0,1998-08-05T00:00:00Z,,
2186,EELJ.J,0.0,1998-08-05T00:00:00Z,5055410695,
2187,EELJ.J,0.0,1998-08-05T00:00:00Z,5055412187,
2188,EELJ.J,,,,
2189,EELJ.J,,,,
2190,EELJ.J,,,,
2191,EELJ.J,,,,
2192,EELJ.J,,,,
2193,EELJ.J,,,,
2194,AHLJ.J,,,,South Africa
2195,ASCE.MZ,,,,
2196,UTB.GH,,,,Ghana
2197,IHS.LG,,,,United Kingdom
2198,SFNJ.J,14.12,1998-08-03T00:00:00Z,4297902883,South Africa
2199,SFNJ.J,10.15,1998-08-03T00:00:00Z,5000854298,
2200,SFNJ.J,7.38,1998-08-03T00:00:00Z,5035507834,
2201,SFNJ.J,2.05,1998-08-03T00:00:00Z,48471680238,
2202,SFNJ.J,0.85,1998-12-31T00:00:00Z,,
2203,SFNJ.J,11.0,1997-01-31T00:00:00Z,5035507834,
2204,SFNJ.J,2.79,1997-01-31T00:00:00Z,48471680238,
2205,SFNJ.J,2.33,1997-12-31T00:00:00Z,,
2206,SFNJ.J,,,,
2207,SFNJ.J,,,,
2208,SURJ.J,,,,South Africa
2209,WEZJ.J,,,,South Africa
2210,ARTJ.J,63.32,1998-08-03T00:00:00Z,4295888573,South Africa
2211,ARTJ.J,6.77,1998-08-03T00:00:00Z,5000854298,
2212,ARTJ.J,1.44,1998-08-03T00:00:00Z,,
2213,ARTJ.J,61.3,1997-01-31T00:00:00Z,4295888573,
2214,ARTJ.J,,,,
2215,ARTJ.J,,,,
2216,AVVJ.J,,,,South Africa
2217,GMLJ.J,,,,Guernsey
2218,TREJ.J,47.36,1998-08-03T00:00:00Z,4295888975,South Africa
2219,TREJ.J,12.39,1998-08-03T00:00:00Z,5000854298,
2220,TREJ.J,8.53,1998-08-03T00:00:00Z,4298106595,
2221,TREJ.J,1.4216,1998-06-30T00:00:00Z,,
2222,TREJ.J,0.0019,1998-12-31T00:00:00Z,,
2223,TREJ.J,0.0,1998-06-30T00:00:00Z,5000001140,
2224,TREJ.J,47.8627,1997-01-31T00:00:00Z,4295888975,
2225,TREJ.J,0.2864,1997-03-31T00:00:00Z,5000001140,
2226,TREJ.J,0.0032,1997-12-31T00:00:00Z,,
2227,TREJ.J,0.0018,1997-12-31T00:00:00Z,,
2228,TREJ.J,,,,
2229,TREJ.J,,,,
2230,OCEJ.J,50.3675,1998-08-03T00:00:00Z,,South Africa
2231,OCEJ.J,7.7144,1998-08-03T00:00:00Z,5000854298,
2232,OCEJ.J,4.2673,1998-06-30T00:00:00Z,,
2233,OCEJ.J,1.1907,1998-08-03T00:00:00Z,,
2234,OCEJ.J,0.0043,1998-12-31T00:00:00Z,,
2235,OCEJ.J,0.0,1997-12-31T00:00:00Z,,
2236,OCEJ.J,0.0,1998-06-30T00:00:00Z,5000001140,
2237,OCEJ.J,0.0427,1997-03-31T00:00:00Z,5000001140,
2238,OCEJ.J,0.001,1997-12-31T00:00:00Z,,
2239,OCEJ.J,0.0,1997-12-31T00:00:00Z,,
2240,OCEJ.J,0.0,1997-12-31T00:00:00Z,,
2241,OCEJ.J,,,,
2242,OCEJ.J,,,,
2243,OCEJ.J,,,,
2244,OCTJ.J,,,,South Africa
2245,NFSH40J.J,,,,
2246,ONTBF.CI,,,,Morocco
2247,VODJ.J,,,,United Kingdom
2248,FNBINFJ.J,,,,
2249,GIVFINJ.J^L19,,,,
2250,GIVINDJ.J^L19,,,,
2251,GIVRESJ.J^L19,,,,
2252,MTECH.LG,,,,Nigeria
2253,AFROMED.LG,,,,Nigeria
2254,CLSJ.J,32.1834,1998-08-03T00:00:00Z,5000854298,South Africa
2255,CLSJ.J,7.4893,1998-08-03T00:00:00Z,4297902883,
2256,CLSJ.J,6.9901,1998-08-03T00:00:00Z,48471685511,
2257,CLSJ.J,4.1536,1998-08-03T00:00:00Z,48471680717,
2258,CLSJ.J,1.8145,1998-08-03T00:00:00Z,5001196246,
2259,CLSJ.J,1.4771,1998-08-03T00:00:00Z,5001446208,
2260,CLSJ.J,0.7462,1998-06-30T00:00:00Z,,
2261,CLSJ.J,0.0411,1998-12-31T00:00:00Z,5000071982,
2262,CLSJ.J,0.0078,1998-12-31T00:00:00Z,,
2263,CLSJ.J,0.0,1997-12-31T00:00:00Z,,
2264,CLSJ.J,0.0,1997-12-31T00:00:00Z,,
2265,CLSJ.J,,,,
2266,CLSJ.J,,,,
2267,CLSJ.J,,,,
2268,CLSJ.J,,,,
2269,CLSJ.J,,,,
2270,CLSJ.J,,,,
2271,CLSJ.J,,,,
2272,CLSJ.J,,,,
2273,CLSJ.J,,,,
2274,KRQTJ.J,,,,South Africa
2275,UNSE.MZ,,,,
2276,BKIJ.J,,,,
2277,COOP.NR,,,,Kenya
2278,SEPJ.J,,,,South Africa
2279,ETRANZA.LG,,,,
2280,MSPJ.J,,,,Isle of Man
2281,FGLJ.J,,,,South Africa
2282,FFBJ.J,,,,South Africa
2283,PORTPAI.LG,,,,Nigeria
2284,BECOPET.LG,,,,Nigeria
2285,BOC.NR,,,,United Kingdom
2286,MANSARD.LG,,,,France
2287,RESORTS.LG,,,,Nigeria
2288,AFRINSU.LG,,,,Nigeria
2289,VERITASKAP.LG,,,,Nigeria
2290,HONYFLO.LG,,,,Nigeria
2291,CSE.MZ,,,,Mauritius
2292,BBET40J.J^E16,,,,
2293,ETFT40J.J,,,,
2294,ETFSWXJ.J,,,,
2295,MAPPSGJ.J,,,,
2296,MAPPSPJ.J,,,,
2297,CSPROPJ.J,,,,
2298,BGREENJ.J^E16,,,,
2299,NFILBIJ.J,,,,
2300,NFSWIXJ.J^L19,,,,
2301,NFEMOMJ.J,,,,
2302,NFTRCIJ.J,,,,
2303,NFGOVIJ.J,,,,
2304,PREFTXJ.J,,,,
2305,MIWA.MZ,,,,Mauritius
2306,TIGZ.ZI,,,,Zimbabwe
2307,ORAC.CI,,,,France
